b,cd_tse,nome
0,2917,Centro
1,2917,Santa Etelvina
2,2917,São Francisco
3,2933,Centro
4,2933,Esmeralda Moura
5,2933,João Pinheiro
6,2038,Centro
7,2038,Japão
8,2038,São Carlos
9,2038,São João
10,2038,São Sebastião
11,2003,Cachoeirinha
12,2003,Centro
13,2003,Comunicação
14,2003,Liberdade
15,2003,Morena
16,2003,Setor Industrial
17,2003,São Sebastião
18,2003,Vila Nova
19,2003,Vila Rica
20,2070,Centro
21,2070,Cidade Nova
22,2070,Cidade Nova II
23,2070,De Olinda
24,2070,De Santa Luzia
25,2070,De São José
26,2070,Do Engenho
27,2070,Do Mutirão
28,2070,Dr. Alberto Simonet
29,2070,Governador Gilberto Mestrinho
30,2070,Jair Tupinambá
31,2070,Nossa Senhora de Aparecida
32,2070,Osvaldo Cruz Braga
33,2070,Waldomiro Sampaio
34,2097,Centro
35,2097,Marivá
36,2097,Morara
37,2097,Nossa Senhora Aparecida
38,2097,Nossa Senhora de Nazaré
39,2097,Santo Antônio
40,2097,São Francisco
41,2097,São Sebastião
42,2119,Beira Rio
43,2119,Centro
44,2119,São Benedito
45,2119,São Judas Tadeu
46,2119,Urbano Novo
47,2135,Bom Jardim
48,2135,Castanhal
49,2135,Centro
50,2135,Cidade Nova
51,2135,Cohabam
52,2135,Coimbra
53,2135,Colônia
54,2135,Javarizinho
55,2135,Umarizal
56,2976,Boiúna
57,2976,Carlos Matos
58,2976,Da Liberdade
59,2976,Esperança
60,2976,Jardim Vitória Régia
61,2976,Monte Sião
62,2976,Nossa Senhora de Fátima
63,2976,Santa Luzia
64,2976,São Sebastião
65,2976,Zona Centro Oeste
66,2151,Fortaleza
67,2151,Lago Novo
68,2151,Macaxeiral
69,2151,Platô do Piquiá
70,2151,Praia do Gado
71,2178,Centro
72,2178,Cristo Rei
73,2178,Ipiranga
74,2178,Recreio
75,2178,São Sebastião
76,2216,14 Bis
77,2216,Centro
78,2216,Da Caixa
79,2216,Da Luz
80,2216,Da Memória
81,2216,Do Flamengo
82,2216,Do Sapatão
83,2216,Eduardo Braga
84,2216,Morumbi
85,2216,Nossa Senhora de Fátima
86,2216,Nova República
87,2216,Ramalhão
88,2216,Samuel Amaral
89,2216,Severino Serafim de Melo
90,2232,Urbano Centro
91,2232,Urbano Horizonte
92,2232,Urbano Industrial
93,2232,Urbano Sebastião Borges
94,2232,Urbano Vista Alegre
95,2046,Antõnio Diniz de Carvalho
96,2046,Cambixe
97,2046,Centro
98,2046,Morada Nova
99,2259,Centro
100,2259,Chagas Aguiar
101,2259,Duque de Caxias
102,2259,Espírito Santo
103,2259,Itamarati
104,2259,Santa Efigênia
105,2259,Santa Helena
106,2259,Tauá Mirim
107,2259,União
108,2259,Urucu
109,2259,do Pera
110,2291,Centro
111,2291,Nossa Senhora Aparecida
112,2291,Nossa Senhora de Fátima
113,2291,Nossa Senhora do Perpétuo Socorro
114,2291,Santo Antônio
115,2291,São José
116,2313,Centro
117,2313,Concórdia
118,2313,Nova Esperança
119,2313,Rodoviário
120,2313,Santa Rita
121,2313,São Francisco
122,2313,Várzea
123,2020,Cean
124,2020,Centro
125,2020,Centro Cultural
126,2020,Davis
127,2020,Floresta
128,2020,Nova Guajará
129,2020,Saborá
130,2356,Centro
131,2356,Divino Pranto
132,2356,Nossa Senhora do Carmo
133,2356,Nova Esperança
134,2356,Nova Humaitá
135,2356,Novo Centenário
136,2356,Santo Antônio
137,2356,São Cristóvão
138,2356,São Domingos Sávio
139,2356,São Francisco
140,2356,São José
141,2356,São Pedro
142,2356,São Sebastião
143,2399,Centro
144,2399,Da Creche
145,2399,Da Liberdade
146,2399,Da Várzea
147,2399,Do Hospital
148,2399,Estrada José de Lemos
149,2399,Iolanda Regina da Silva
150,2399,João Herculano Neto
151,2399,Mutirão Novo
152,2399,Peru
153,2399,Telemar
154,2410,Araújo Costa
155,2410,Centenário
156,2410,Centro
157,2410,Colônia
158,2410,Da Paz
159,2410,Eduardo Braga I
160,2410,Eduardo Braga II
161,2410,Florestal
162,2410,Iraci
163,2410,Jacarezinho
164,2410,Jardim Adriana
165,2410,Jardim Lorena
166,2410,Jauari II
167,2410,Mamoud Amed
168,2410,Mutirão
169,2410,Nogueira Junior
170,2410,Pedreiras
171,2410,Poranga
172,2410,Prainha
173,2410,Santa Luzia
174,2410,Santo Antônio
175,2410,São Cristóvão
176,2410,São Francisco
177,2410,São Jorge
178,2410,Tiradentes
179,2410,jauari
180,98370,Centro
181,98370,João Medeiros Campelo
182,98370,São José
183,98370,São Pedro
184,2470,Centro
185,2470,Chico Lázaro
186,2470,Nova Esperança
187,2470,São Francisco
188,2470,Tancredo Neves
189,2496,Centro
190,2496,Da Vila Sônia
191,2496,Mariano
192,2496,Plínio Coelho
193,2496,Santo Antônio
194,2496,São Francisco
195,2496,São José I
196,2496,São Pedro
197,2518,Bairro Novo
198,2518,Bairro da Fonte
199,2518,Barra Limpa
200,2518,Centro
201,2518,Nossa Senhora de Fátima
202,2518,Pantanal
203,2518,São José
204,2518,Vila Falcão
205,2534,Aparecida
206,2534,Biribiri
207,2534,Centro
208,2534,Correnteza
209,2534,Liberdade
210,2534,Morada do Sol
211,2534,Nova Manacá
212,2534,São Francisco
213,2534,São José
214,2534,Terra Preta
215,2534,União
216,98396,Ajuricaba
217,98396,Centro
218,98396,Conjunto Novo
219,98396,Das Laranjeiras
220,98396,Do Areal
221,98396,Novo
222,98396,Osmar Freire
223,2550,Adrianópolis
224,2550,Aleixo
225,2550,Alvorada
226,2550,Armando Mendes
227,2550,Betânia
228,2550,Cachoeirinha
229,2550,Centro
230,2550,Chapada
231,2550,Cidade Nova
232,2550,Cidade de Deus
233,2550,Colônia Antônio Aleixo
234,2550,Colônia Oliveira Machado
235,2550,Colônia Santo Antônio
236,2550,Colônia Terra Nova
237,2550,Compensa
238,2550,Coroado
239,2550,Crespo
240,2550,Da Paz
241,2550,Distrito Industrial I
242,2550,Distrito Industrial II
243,2550,Dom Pedro I
244,2550,Educandos
245,2550,Flores
246,2550,Gilberto Mestrinho
247,2550,Glória
248,2550,Japiim
249,2550,Jorge Teixeira
250,2550,Lago Azul
251,2550,Lírio do Vale
252,2550,Mauazinho
253,2550,Monte das Oliveiras
254,2550,Morro da Liberdade
255,2550,Nossa Senhora Aparecida
256,2550,Nossa Senhora das Graças
257,2550,Nova Cidade
258,2550,Nova Esperança
259,2550,Novo Aleixo
260,2550,Novo Israel
261,2550,Parque 10 de Novembro
262,2550,Petrópolis
263,2550,Planalto
264,2550,Ponta Negra
265,2550,Praça 14 de Janeiro
266,2550,Presidente Vargas
267,2550,Puraquequara
268,2550,Raiz
269,2550,Redenção
270,2550,Santa Etelvina
271,2550,Santa Luzia
272,2550,Santo Agostinho
273,2550,Santo Antônio
274,2550,São Francisco
275,2550,São Geraldo
276,2550,São Jorge
277,2550,São José Operário
278,2550,São Lázaro
279,2550,São Raimundo
280,2550,Tancredo Neves
281,2550,Tarumã
282,2550,Tarumã-Açu
283,2550,Vila Buriti
284,2550,Vila da Prata
285,2550,Zumbi dos Palmares
286,2577,Andaraí
287,2577,Centro
288,2577,Colônia da Ribeira
289,2577,Dom Bosco
290,2577,Ipasea
291,2577,Laura Vicuña
292,2577,Manicorezinho
293,2577,Nossa Senhora Auxiliadora
294,2577,Nossa Senhora do Rosário
295,2577,Rocinha
296,2577,Santa Luzia
297,2577,Santa Maria Domingas Mazzarello
298,2577,Santo Antônio
299,2577,São Domingos Sávio
300,2577,São Sebastião
301,2615,Centro
302,2615,Donga Michiles
303,2615,Maresia
304,2615,Mário Fonseca
305,2615,Novo Bairro
306,2615,Ramalho Júnior
307,2615,Santa Luzia
308,2615,Santa Tereza
309,2615,do Éden
310,2658,Aerolândia
311,2658,Centro
312,2658,Chicolândia
313,2658,Nossa Senhora de Fátima
314,2658,Santa Luzia
315,2658,Santa Maria
316,2658,Vale do Sol
317,2011,Anavilhanas I
318,2011,Anavilhanas II
319,2011,Centro
320,2011,Chicó
321,2011,Conjunto Bandeirantes
322,2011,Conjunto Eduardo Braga
323,2011,Conjunto Habitacional Peixe-Boi
324,2011,Jardim Primavera
325,2011,Murici
326,2011,Nossa Senhora Auxiliadora
327,2011,Nova Esperança
328,2011,Novo Horizonte
329,2011,Remanso
330,2011,Santo Antônio
331,2011,Santo Elias
332,2674,Centro
333,2674,Japiim
334,2674,Nossa Senhora da Conceição
335,2674,Tv
336,2674,dos Trabalhadores
337,2690,Castanheira
338,2690,Centro
339,2690,Dejard Vieira
340,2690,Distrito Industrial
341,2690,Emílio Moreira
342,2690,Francesa
343,2690,Itaúna I
344,2690,Itaúna II
345,2690,Jacareacanga
346,2690,João Novo
347,2690,Nossa Senhora de Nazaré
348,2690,Palmares
349,2690,Paulo Corrêa
350,2690,Raimundo Muniz
351,2690,Santa Clara
352,2690,Santa Rita
353,2690,São Benedito
354,2690,São José
355,2690,São Vicente de Paula
356,2690,Vitória Régia
357,98418,Aida Mendonça
358,98418,Atroari
359,98418,Centro
360,98418,Galo da Serra
361,98418,Honório Roldão
362,98418,José Dutra
363,98418,Maruaga
364,98418,Morada do Sol
365,98418,Orquídeas
366,98418,Sol Nascente
367,98418,Tancredo Neves
368,98418,Urubuí
369,98418,Waimiri
370,2739,Alvaro Maia
371,2739,Campina
372,2739,Centro
373,2739,Franco
374,2739,Independência
375,2739,Pataquira
376,2739,Planalto
377,2739,Presidente Vargas
378,2739,Santa Etelvina
379,2739,São Francisco
380,2739,Taboca
381,2739,Tarauacá
382,2755,Benjamin Constant
383,2755,Centro
384,2755,Colônia São Sebastião
385,2755,De Campinas
386,2755,José Carlos Mestrinho
387,2755,Nosso Senhor do Bonfim
388,2755,Santa Terezinha
389,2755,São João
390,2755,União
391,98450,Arumanzal
392,98450,Centro
393,98450,Colônia
394,98450,De São Francisco
395,98450,Gavião
396,98450,Paz
397,98450,Pólo Industrial Moveleiro
398,98450,Trindade
399,2771,Castanheira
400,2771,Centro
401,2771,Governador Plinio Coelho
402,2771,Macajatuba
403,2771,Panorama
404,2771,Vila Costa
405,98477,Brilhante
406,98477,Centro
407,98477,D. Pedro I
408,98477,Da Comara
409,98477,Das Comunicações
410,98477,GM 3
411,98477,Ibirapuera
412,98477,Nova Esperança
413,98477,Novo Progresso
414,98477,Portobrás
415,98477,Rui Barbosa
416,98477,Santa Rosa
417,98477,São Francisco
418,98477,Tancredo Neves
419,98477,Vila Nobre
420,98477,Vila Paraíso
421,98477,Vila Verde
422,2798,Armando Mendes-Mutirão
423,2798,Açaí
424,2798,Centro
425,2798,Manoel Costa
426,2798,Rio Ipixuna-Em Implantação
427,2798,Rio Purus
428,2798,São João
429,2810,Abial
430,2810,Centro
431,2810,Colônia Ventura
432,2810,Fonte Boa
433,2810,Jardim Lara
434,2810,Jerusalém
435,2810,Juruá
436,2810,Monte Castelo
437,2810,Mutirão
438,2810,Nossa Senhora de Fátima
439,2810,Nova Esperança
440,2810,Olaria
441,2810,Santa Luzia
442,2810,Santa Rosa
443,2810,Santa Tereza
444,2810,Santo Antônio
445,2810,São Francisco
446,2810,São José
447,2810,São João
448,2810,São Raimundo
449,2810,Vila Nova
450,2810,Zona Militar
451,2852,Cafezal
452,2852,Centro
453,2852,Da Glória
454,2852,Divino dos Inocentes
455,2852,Do Castanhal
456,2852,Nossa Senhora de Aparecida
457,2852,Novo Paraíso
458,2852,Santa Luzia
459,2852,São Jorge
460,2852,São José
461,2852,São Pedro
462,2879,Aparecida
463,2879,Centro
464,2879,Liberdade
465,2879,Livramento
466,2879,Pedreiras
467,2879,São Lázaro
468,2879,Tabocal
