cid,cd_tse,votos
c0001,27006,2
c0001,27014,1
c0001,27022,0
c0001,27030,0
c0001,27049,2
c0001,27057,32
c0001,27065,1
c0001,27073,6
c0001,27081,0
c0001,27090,14
c0001,27111,3
c0001,27138,2
c0001,27154,0
c0001,27170,1
c0001,27197,0
c0001,27219,5
c0001,27235,0
c0001,27251,0
c0001,27278,4
c0001,27294,0
c0001,27316,3
c0001,27332,0
c0001,27359,0
c0001,27375,1
c0001,27391,3
c0001,27413,6
c0001,27430,0
c0001,27456,4
c0001,27472,11
c0001,27499,0
c0001,27510,2
c0001,27537,0
c0001,27553,157
c0001,27570,6
c0001,27596,3
c0001,27618,2
c0001,27634,1
c0001,27650,3
c0001,27677,1
c0001,27693,0
c0001,27715,4
c0001,27731,0
c0001,27758,15
c0001,27774,1
c0001,27790,3
c0001,27812,3
c0001,27839,4
c0001,27855,457
c0001,27871,1
c0001,27898,3
c0001,27910,0
c0001,27936,9
c0001,27952,1
c0001,27979,1
c0001,27995,0
c0001,28010,5
c0001,28037,6
c0001,28053,0
c0001,28070,0
c0001,28096,6
c0001,28118,4
c0001,28134,3
c0001,28150,3
c0001,28177,0
c0001,28193,0
c0001,28215,2
c0001,28231,0
c0001,28258,7
c0001,28274,3
c0001,28290,16
c0001,28312,0
c0001,28339,6
c0001,28355,3
c0001,28371,3
c0001,28398,0
c0001,28410,8
c0001,28436,1
c0001,28452,7
c0001,28479,4
c0001,28495,4
c0001,28517,2
c0001,28533,8
c0001,28550,0
c0001,28576,0
c0001,28592,5
c0001,28614,6
c0001,28630,3
c0001,28657,2
c0001,28673,0
c0001,28690,26
c0001,28711,2
c0001,28738,6
c0001,28754,2
c0001,28770,5
c0001,28797,2
c0001,28819,17
c0001,28835,1
c0001,28851,11
c0001,28878,4
c0001,28894,2
c0001,28916,0
c0001,28932,15
c0002,27006,14
c0002,27014,0
c0002,27022,2
c0002,27030,3
c0002,27049,2
c0002,27057,378
c0002,27065,1
c0002,27073,7
c0002,27081,7
c0002,27090,7
c0002,27111,8
c0002,27138,5
c0002,27154,1
c0002,27170,1
c0002,27197,5
c0002,27219,1
c0002,27235,2
c0002,27251,23
c0002,27278,14
c0002,27294,0
c0002,27316,0
c0002,27332,5
c0002,27359,2
c0002,27375,0
c0002,27391,2
c0002,27413,117
c0002,27430,3
c0002,27456,29
c0002,27472,61
c0002,27499,0
c0002,27510,6
c0002,27537,7
c0002,27553,3
c0002,27570,16
c0002,27596,1
c0002,27618,63
c0002,27634,8
c0002,27650,11
c0002,27677,0
c0002,27693,7
c0002,27715,6
c0002,27731,0
c0002,27758,3
c0002,27774,0
c0002,27790,7
c0002,27812,5
c0002,27839,4
c0002,27855,3136
c0002,27871,2
c0002,27898,15
c0002,27910,1
c0002,27936,79
c0002,27952,3
c0002,27979,4
c0002,27995,5
c0002,28010,2
c0002,28037,28
c0002,28053,0
c0002,28070,2
c0002,28096,21
c0002,28118,4
c0002,28134,5
c0002,28150,3
c0002,28177,0
c0002,28193,0
c0002,28215,5
c0002,28231,1
c0002,28258,35
c0002,28274,5
c0002,28290,0
c0002,28312,1
c0002,28339,31
c0002,28355,6
c0002,28371,9
c0002,28398,1
c0002,28410,8
c0002,28436,1
c0002,28452,1
c0002,28479,6
c0002,28495,9
c0002,28517,1
c0002,28533,75
c0002,28550,1
c0002,28576,1
c0002,28592,19
c0002,28614,14
c0002,28630,1
c0002,28657,11
c0002,28673,5
c0002,28690,3
c0002,28711,23
c0002,28738,9
c0002,28754,67
c0002,28770,16
c0002,28797,0
c0002,28819,5
c0002,28835,3
c0002,28851,152
c0002,28878,10
c0002,28894,6
c0002,28916,2
c0002,28932,12
c0003,27006,0
c0003,27014,1
c0003,27022,0
c0003,27030,1
c0003,27049,1
c0003,27057,16
c0003,27065,1
c0003,27073,0
c0003,27081,0
c0003,27090,0
c0003,27111,0
c0003,27138,0
c0003,27154,0
c0003,27170,0
c0003,27197,0
c0003,27219,0
c0003,27235,0
c0003,27251,0
c0003,27278,1
c0003,27294,0
c0003,27316,0
c0003,27332,1
c0003,27359,1
c0003,27375,0
c0003,27391,2
c0003,27413,1
c0003,27430,0
c0003,27456,1
c0003,27472,4
c0003,27499,0
c0003,27510,3
c0003,27537,0
c0003,27553,0
c0003,27570,0
c0003,27596,3
c0003,27618,1
c0003,27634,1
c0003,27650,0
c0003,27677,0
c0003,27693,0
c0003,27715,0
c0003,27731,0
c0003,27758,0
c0003,27774,0
c0003,27790,0
c0003,27812,1
c0003,27839,0
c0003,27855,87
c0003,27871,1
c0003,27898,2
c0003,27910,0
c0003,27936,3
c0003,27952,0
c0003,27979,0
c0003,27995,0
c0003,28010,0
c0003,28037,0
c0003,28053,0
c0003,28070,0
c0003,28096,5
c0003,28118,1
c0003,28134,2
c0003,28150,0
c0003,28177,2
c0003,28193,0
c0003,28215,1
c0003,28231,0
c0003,28258,2
c0003,28274,0
c0003,28290,1
c0003,28312,0
c0003,28339,5
c0003,28355,1
c0003,28371,2
c0003,28398,0
c0003,28410,5
c0003,28436,1
c0003,28452,0
c0003,28479,2
c0003,28495,116
c0003,28517,0
c0003,28533,13
c0003,28550,1
c0003,28576,0
c0003,28592,0
c0003,28614,0
c0003,28630,28
c0003,28657,0
c0003,28673,0
c0003,28690,0
c0003,28711,3
c0003,28738,3
c0003,28754,1
c0003,28770,4
c0003,28797,0
c0003,28819,0
c0003,28835,3
c0003,28851,4
c0003,28878,1
c0003,28894,0
c0003,28916,0
c0003,28932,2
c0004,27006,0
c0004,27014,0
c0004,27022,0
c0004,27030,1
c0004,27049,0
c0004,27057,1179
c0004,27065,1
c0004,27073,3
c0004,27081,0
c0004,27090,1
c0004,27111,2
c0004,27138,5
c0004,27154,0
c0004,27170,0
c0004,27197,2
c0004,27219,1
c0004,27235,0
c0004,27251,1
c0004,27278,9
c0004,27294,14
c0004,27316,0
c0004,27332,0
c0004,27359,2
c0004,27375,0
c0004,27391,7
c0004,27413,0
c0004,27430,2
c0004,27456,4
c0004,27472,3
c0004,27499,0
c0004,27510,36
c0004,27537,0
c0004,27553,0
c0004,27570,52
c0004,27596,2
c0004,27618,31
c0004,27634,0
c0004,27650,3
c0004,27677,0
c0004,27693,0
c0004,27715,2
c0004,27731,4
c0004,27758,0
c0004,27774,0
c0004,27790,2
c0004,27812,27
c0004,27839,17
c0004,27855,126
c0004,27871,9
c0004,27898,5
c0004,27910,0
c0004,27936,4
c0004,27952,1
c0004,27979,0
c0004,27995,0
c0004,28010,0
c0004,28037,1
c0004,28053,0
c0004,28070,1
c0004,28096,1
c0004,28118,0
c0004,28134,2
c0004,28150,6
c0004,28177,2
c0004,28193,1
c0004,28215,0
c0004,28231,0
c0004,28258,7
c0004,28274,1
c0004,28290,1
c0004,28312,0
c0004,28339,2
c0004,28355,3
c0004,28371,3
c0004,28398,1
c0004,28410,3
c0004,28436,2
c0004,28452,0
c0004,28479,0
c0004,28495,0
c0004,28517,0
c0004,28533,3
c0004,28550,0
c0004,28576,0
c0004,28592,3
c0004,28614,3
c0004,28630,0
c0004,28657,2
c0004,28673,3
c0004,28690,5
c0004,28711,16
c0004,28738,0
c0004,28754,25
c0004,28770,1
c0004,28797,0
c0004,28819,12
c0004,28835,4
c0004,28851,4
c0004,28878,2
c0004,28894,65
c0004,28916,0
c0004,28932,19
c0005,27006,35
c0005,27014,437
c0005,27022,701
c0005,27030,68
c0005,27049,1
c0005,27057,616
c0005,27065,5
c0005,27073,343
c0005,27081,0
c0005,27090,24
c0005,27111,24
c0005,27138,27
c0005,27154,13
c0005,27170,124
c0005,27197,219
c0005,27219,19
c0005,27235,5
c0005,27251,551
c0005,27278,33
c0005,27294,10
c0005,27316,1661
c0005,27332,24
c0005,27359,11
c0005,27375,8
c0005,27391,46
c0005,27413,9
c0005,27430,18
c0005,27456,48
c0005,27472,2651
c0005,27499,7
c0005,27510,862
c0005,27537,2
c0005,27553,18
c0005,27570,203
c0005,27596,177
c0005,27618,257
c0005,27634,136
c0005,27650,3524
c0005,27677,3
c0005,27693,10
c0005,27715,18
c0005,27731,4
c0005,27758,257
c0005,27774,6
c0005,27790,32
c0005,27812,17
c0005,27839,46
c0005,27855,9612
c0005,27871,8
c0005,27898,20
c0005,27910,42
c0005,27936,94
c0005,27952,23
c0005,27979,63
c0005,27995,1698
c0005,28010,183
c0005,28037,32
c0005,28053,6
c0005,28070,7
c0005,28096,37
c0005,28118,11
c0005,28134,102
c0005,28150,140
c0005,28177,1
c0005,28193,28
c0005,28215,57
c0005,28231,8
c0005,28258,297
c0005,28274,870
c0005,28290,79
c0005,28312,8
c0005,28339,557
c0005,28355,12
c0005,28371,61
c0005,28398,5
c0005,28410,447
c0005,28436,2626
c0005,28452,633
c0005,28479,29
c0005,28495,28
c0005,28517,24
c0005,28533,608
c0005,28550,43
c0005,28576,49
c0005,28592,714
c0005,28614,87
c0005,28630,3
c0005,28657,167
c0005,28673,253
c0005,28690,25
c0005,28711,440
c0005,28738,46
c0005,28754,109
c0005,28770,30
c0005,28797,36
c0005,28819,269
c0005,28835,179
c0005,28851,1091
c0005,28878,299
c0005,28894,50
c0005,28916,129
c0005,28932,98
c0006,27006,8
c0006,27014,5
c0006,27022,0
c0006,27030,9
c0006,27049,4
c0006,27057,207
c0006,27065,6
c0006,27073,14
c0006,27081,0
c0006,27090,7
c0006,27111,13
c0006,27138,9
c0006,27154,8
c0006,27170,3
c0006,27197,31
c0006,27219,3
c0006,27235,0
c0006,27251,21
c0006,27278,12
c0006,27294,0
c0006,27316,1
c0006,27332,4
c0006,27359,2
c0006,27375,5
c0006,27391,0
c0006,27413,8
c0006,27430,11
c0006,27456,18
c0006,27472,15
c0006,27499,0
c0006,27510,5
c0006,27537,2
c0006,27553,2
c0006,27570,8
c0006,27596,3
c0006,27618,15
c0006,27634,1
c0006,27650,6
c0006,27677,1
c0006,27693,0
c0006,27715,0
c0006,27731,1
c0006,27758,22
c0006,27774,0
c0006,27790,7
c0006,27812,0
c0006,27839,8
c0006,27855,5459
c0006,27871,1
c0006,27898,16
c0006,27910,41
c0006,27936,128
c0006,27952,4
c0006,27979,9
c0006,27995,1
c0006,28010,5
c0006,28037,7
c0006,28053,0
c0006,28070,1
c0006,28096,20
c0006,28118,1
c0006,28134,2
c0006,28150,0
c0006,28177,0
c0006,28193,1
c0006,28215,3
c0006,28231,6
c0006,28258,75
c0006,28274,9
c0006,28290,5
c0006,28312,1
c0006,28339,53
c0006,28355,6
c0006,28371,16
c0006,28398,1
c0006,28410,8
c0006,28436,7
c0006,28452,6
c0006,28479,8
c0006,28495,2
c0006,28517,4
c0006,28533,91
c0006,28550,1
c0006,28576,12
c0006,28592,44
c0006,28614,35
c0006,28630,3
c0006,28657,7
c0006,28673,48
c0006,28690,5
c0006,28711,22
c0006,28738,4
c0006,28754,7
c0006,28770,18
c0006,28797,17
c0006,28819,1
c0006,28835,7
c0006,28851,40
c0006,28878,13
c0006,28894,1
c0006,28916,4
c0006,28932,19
c0007,27006,4
c0007,27014,1
c0007,27022,0
c0007,27030,18
c0007,27049,2
c0007,27057,349
c0007,27065,2
c0007,27073,2
c0007,27081,1
c0007,27090,2
c0007,27111,3
c0007,27138,2
c0007,27154,3
c0007,27170,1
c0007,27197,4
c0007,27219,3
c0007,27235,0
c0007,27251,5
c0007,27278,10
c0007,27294,9
c0007,27316,0
c0007,27332,0
c0007,27359,0
c0007,27375,1
c0007,27391,2
c0007,27413,0
c0007,27430,7
c0007,27456,3
c0007,27472,4
c0007,27499,0
c0007,27510,10
c0007,27537,0
c0007,27553,2
c0007,27570,172
c0007,27596,0
c0007,27618,3
c0007,27634,1
c0007,27650,0
c0007,27677,0
c0007,27693,0
c0007,27715,3
c0007,27731,2
c0007,27758,0
c0007,27774,0
c0007,27790,3
c0007,27812,10
c0007,27839,21
c0007,27855,1311
c0007,27871,2
c0007,27898,3
c0007,27910,0
c0007,27936,27
c0007,27952,1
c0007,27979,1
c0007,27995,0
c0007,28010,2
c0007,28037,11
c0007,28053,0
c0007,28070,0
c0007,28096,5
c0007,28118,1
c0007,28134,6
c0007,28150,0
c0007,28177,1
c0007,28193,0
c0007,28215,0
c0007,28231,0
c0007,28258,30
c0007,28274,7
c0007,28290,4
c0007,28312,0
c0007,28339,12
c0007,28355,1
c0007,28371,4
c0007,28398,2
c0007,28410,5
c0007,28436,1
c0007,28452,4
c0007,28479,0
c0007,28495,11
c0007,28517,1
c0007,28533,19
c0007,28550,0
c0007,28576,27
c0007,28592,17
c0007,28614,0
c0007,28630,0
c0007,28657,2
c0007,28673,7
c0007,28690,1
c0007,28711,17
c0007,28738,2
c0007,28754,53
c0007,28770,12
c0007,28797,2
c0007,28819,5
c0007,28835,10
c0007,28851,13
c0007,28878,3
c0007,28894,28
c0007,28916,0
c0007,28932,9
c0008,27006,6
c0008,27014,6
c0008,27022,0
c0008,27030,3
c0008,27049,0
c0008,27057,28
c0008,27065,3
c0008,27073,4
c0008,27081,1
c0008,27090,21
c0008,27111,15
c0008,27138,2
c0008,27154,2
c0008,27170,0
c0008,27197,7
c0008,27219,20
c0008,27235,1
c0008,27251,0
c0008,27278,7
c0008,27294,2
c0008,27316,0
c0008,27332,5
c0008,27359,0
c0008,27375,5
c0008,27391,1
c0008,27413,2
c0008,27430,1
c0008,27456,7
c0008,27472,3
c0008,27499,0
c0008,27510,0
c0008,27537,4
c0008,27553,2
c0008,27570,5
c0008,27596,1
c0008,27618,0
c0008,27634,0
c0008,27650,0
c0008,27677,0
c0008,27693,1
c0008,27715,0
c0008,27731,0
c0008,27758,3
c0008,27774,1
c0008,27790,2
c0008,27812,4
c0008,27839,1
c0008,27855,3070
c0008,27871,0
c0008,27898,9
c0008,27910,1
c0008,27936,17
c0008,27952,1
c0008,27979,2
c0008,27995,0
c0008,28010,1
c0008,28037,8
c0008,28053,0
c0008,28070,1
c0008,28096,10
c0008,28118,3
c0008,28134,5
c0008,28150,0
c0008,28177,0
c0008,28193,1
c0008,28215,0
c0008,28231,0
c0008,28258,7
c0008,28274,1
c0008,28290,11
c0008,28312,2
c0008,28339,11
c0008,28355,13
c0008,28371,6
c0008,28398,6
c0008,28410,0
c0008,28436,1
c0008,28452,3
c0008,28479,4
c0008,28495,6
c0008,28517,0
c0008,28533,43
c0008,28550,5
c0008,28576,1
c0008,28592,2
c0008,28614,2
c0008,28630,1
c0008,28657,2
c0008,28673,0
c0008,28690,6
c0008,28711,21
c0008,28738,40
c0008,28754,8
c0008,28770,7
c0008,28797,0
c0008,28819,6
c0008,28835,4
c0008,28851,29
c0008,28878,4
c0008,28894,0
c0008,28916,0
c0008,28932,3
c0009,27006,2
c0009,27014,8
c0009,27022,0
c0009,27030,1
c0009,27049,0
c0009,27057,90
c0009,27065,0
c0009,27073,13
c0009,27081,1
c0009,27090,3
c0009,27111,4
c0009,27138,4
c0009,27154,2
c0009,27170,0
c0009,27197,2
c0009,27219,2
c0009,27235,0
c0009,27251,1
c0009,27278,11
c0009,27294,0
c0009,27316,4
c0009,27332,4
c0009,27359,0
c0009,27375,3
c0009,27391,1
c0009,27413,1
c0009,27430,3
c0009,27456,9
c0009,27472,0
c0009,27499,1
c0009,27510,2
c0009,27537,0
c0009,27553,0
c0009,27570,1
c0009,27596,1
c0009,27618,3
c0009,27634,2
c0009,27650,3
c0009,27677,1
c0009,27693,0
c0009,27715,1
c0009,27731,1
c0009,27758,0
c0009,27774,0
c0009,27790,1
c0009,27812,3
c0009,27839,1
c0009,27855,1857
c0009,27871,4
c0009,27898,5
c0009,27910,0
c0009,27936,28
c0009,27952,1
c0009,27979,1
c0009,27995,2
c0009,28010,1
c0009,28037,0
c0009,28053,0
c0009,28070,2
c0009,28096,2
c0009,28118,0
c0009,28134,14
c0009,28150,0
c0009,28177,1
c0009,28193,0
c0009,28215,1
c0009,28231,0
c0009,28258,16
c0009,28274,7
c0009,28290,2
c0009,28312,0
c0009,28339,6
c0009,28355,0
c0009,28371,11
c0009,28398,3
c0009,28410,1
c0009,28436,0
c0009,28452,4
c0009,28479,4
c0009,28495,0
c0009,28517,6
c0009,28533,37
c0009,28550,0
c0009,28576,1
c0009,28592,11
c0009,28614,3
c0009,28630,0
c0009,28657,8
c0009,28673,1
c0009,28690,5
c0009,28711,15
c0009,28738,0
c0009,28754,2
c0009,28770,10
c0009,28797,0
c0009,28819,3
c0009,28835,13
c0009,28851,64
c0009,28878,5
c0009,28894,3
c0009,28916,0
c0009,28932,6
c0010,27006,5
c0010,27014,8
c0010,27022,1
c0010,27030,7
c0010,27049,1
c0010,27057,149
c0010,27065,4
c0010,27073,19
c0010,27081,1
c0010,27090,3
c0010,27111,6
c0010,27138,1
c0010,27154,1
c0010,27170,2
c0010,27197,92
c0010,27219,14
c0010,27235,0
c0010,27251,2
c0010,27278,33
c0010,27294,1
c0010,27316,5
c0010,27332,7
c0010,27359,1
c0010,27375,1
c0010,27391,1
c0010,27413,18
c0010,27430,1
c0010,27456,14
c0010,27472,19
c0010,27499,1
c0010,27510,4
c0010,27537,0
c0010,27553,0
c0010,27570,5
c0010,27596,5
c0010,27618,13
c0010,27634,0
c0010,27650,2
c0010,27677,13
c0010,27693,2
c0010,27715,0
c0010,27731,0
c0010,27758,10
c0010,27774,0
c0010,27790,9
c0010,27812,4
c0010,27839,4
c0010,27855,2782
c0010,27871,1
c0010,27898,13
c0010,27910,3
c0010,27936,44
c0010,27952,0
c0010,27979,4
c0010,27995,2
c0010,28010,3
c0010,28037,4
c0010,28053,0
c0010,28070,1
c0010,28096,6
c0010,28118,7
c0010,28134,3
c0010,28150,9
c0010,28177,0
c0010,28193,3
c0010,28215,2
c0010,28231,1
c0010,28258,37
c0010,28274,7
c0010,28290,1
c0010,28312,2
c0010,28339,13
c0010,28355,3
c0010,28371,18
c0010,28398,0
c0010,28410,8
c0010,28436,1
c0010,28452,2
c0010,28479,3
c0010,28495,1
c0010,28517,4
c0010,28533,51
c0010,28550,0
c0010,28576,7
c0010,28592,21
c0010,28614,4
c0010,28630,1
c0010,28657,10
c0010,28673,4
c0010,28690,4
c0010,28711,52
c0010,28738,6
c0010,28754,5
c0010,28770,18
c0010,28797,2
c0010,28819,5
c0010,28835,4
c0010,28851,47
c0010,28878,6
c0010,28894,6
c0010,28916,7
c0010,28932,13
c0011,27006,2
c0011,27014,3
c0011,27022,0
c0011,27030,1
c0011,27049,0
c0011,27057,21
c0011,27065,0
c0011,27073,1
c0011,27081,0
c0011,27090,0
c0011,27111,0
c0011,27138,0
c0011,27154,0
c0011,27170,0
c0011,27197,0
c0011,27219,1
c0011,27235,0
c0011,27251,1
c0011,27278,1
c0011,27294,0
c0011,27316,1
c0011,27332,1
c0011,27359,0
c0011,27375,1
c0011,27391,1
c0011,27413,1
c0011,27430,0
c0011,27456,3
c0011,27472,2
c0011,27499,0
c0011,27510,1
c0011,27537,0
c0011,27553,1
c0011,27570,2
c0011,27596,2
c0011,27618,0
c0011,27634,0
c0011,27650,1
c0011,27677,0
c0011,27693,0
c0011,27715,1
c0011,27731,0
c0011,27758,0
c0011,27774,0
c0011,27790,0
c0011,27812,2
c0011,27839,1
c0011,27855,126
c0011,27871,1
c0011,27898,2
c0011,27910,0
c0011,27936,6
c0011,27952,0
c0011,27979,0
c0011,27995,2
c0011,28010,0
c0011,28037,0
c0011,28053,0
c0011,28070,0
c0011,28096,0
c0011,28118,0
c0011,28134,0
c0011,28150,0
c0011,28177,0
c0011,28193,0
c0011,28215,0
c0011,28231,1
c0011,28258,4
c0011,28274,0
c0011,28290,1
c0011,28312,0
c0011,28339,3
c0011,28355,0
c0011,28371,1
c0011,28398,0
c0011,28410,2
c0011,28436,4
c0011,28452,0
c0011,28479,0
c0011,28495,0
c0011,28517,0
c0011,28533,7
c0011,28550,0
c0011,28576,0
c0011,28592,3
c0011,28614,0
c0011,28630,0
c0011,28657,1
c0011,28673,1
c0011,28690,0
c0011,28711,1
c0011,28738,0
c0011,28754,3
c0011,28770,5
c0011,28797,0
c0011,28819,1
c0011,28835,1
c0011,28851,0
c0011,28878,2
c0011,28894,0
c0011,28916,0
c0011,28932,3
c0012,27006,1
c0012,27014,0
c0012,27022,0
c0012,27030,1
c0012,27049,0
c0012,27057,3
c0012,27065,0
c0012,27073,0
c0012,27081,0
c0012,27090,0
c0012,27111,0
c0012,27138,0
c0012,27154,0
c0012,27170,0
c0012,27197,0
c0012,27219,0
c0012,27235,1
c0012,27251,0
c0012,27278,1
c0012,27294,0
c0012,27316,0
c0012,27332,1
c0012,27359,0
c0012,27375,0
c0012,27391,0
c0012,27413,0
c0012,27430,0
c0012,27456,0
c0012,27472,0
c0012,27499,0
c0012,27510,1
c0012,27537,0
c0012,27553,3
c0012,27570,0
c0012,27596,2
c0012,27618,0
c0012,27634,0
c0012,27650,0
c0012,27677,0
c0012,27693,0
c0012,27715,0
c0012,27731,0
c0012,27758,0
c0012,27774,0
c0012,27790,0
c0012,27812,0
c0012,27839,1
c0012,27855,145
c0012,27871,0
c0012,27898,0
c0012,27910,0
c0012,27936,2
c0012,27952,4
c0012,27979,0
c0012,27995,0
c0012,28010,0
c0012,28037,2
c0012,28053,0
c0012,28070,0
c0012,28096,0
c0012,28118,0
c0012,28134,0
c0012,28150,0
c0012,28177,0
c0012,28193,0
c0012,28215,0
c0012,28231,0
c0012,28258,0
c0012,28274,2
c0012,28290,0
c0012,28312,0
c0012,28339,1
c0012,28355,0
c0012,28371,2
c0012,28398,0
c0012,28410,1
c0012,28436,0
c0012,28452,0
c0012,28479,0
c0012,28495,0
c0012,28517,0
c0012,28533,316
c0012,28550,0
c0012,28576,0
c0012,28592,0
c0012,28614,3
c0012,28630,0
c0012,28657,0
c0012,28673,0
c0012,28690,0
c0012,28711,0
c0012,28738,0
c0012,28754,0
c0012,28770,2
c0012,28797,0
c0012,28819,0
c0012,28835,0
c0012,28851,3
c0012,28878,1
c0012,28894,0
c0012,28916,0
c0012,28932,0
c0013,27006,2
c0013,27014,0
c0013,27022,0
c0013,27030,0
c0013,27049,0
c0013,27057,1
c0013,27065,0
c0013,27073,2
c0013,27081,0
c0013,27090,0
c0013,27111,0
c0013,27138,0
c0013,27154,0
c0013,27170,0
c0013,27197,0
c0013,27219,0
c0013,27235,0
c0013,27251,0
c0013,27278,0
c0013,27294,0
c0013,27316,0
c0013,27332,0
c0013,27359,0
c0013,27375,0
c0013,27391,0
c0013,27413,0
c0013,27430,0
c0013,27456,4
c0013,27472,0
c0013,27499,0
c0013,27510,1
c0013,27537,0
c0013,27553,0
c0013,27570,0
c0013,27596,0
c0013,27618,0
c0013,27634,0
c0013,27650,0
c0013,27677,0
c0013,27693,0
c0013,27715,0
c0013,27731,0
c0013,27758,0
c0013,27774,0
c0013,27790,0
c0013,27812,0
c0013,27839,0
c0013,27855,122
c0013,27871,0
c0013,27898,0
c0013,27910,0
c0013,27936,12
c0013,27952,3
c0013,27979,0
c0013,27995,0
c0013,28010,0
c0013,28037,0
c0013,28053,0
c0013,28070,0
c0013,28096,0
c0013,28118,0
c0013,28134,0
c0013,28150,0
c0013,28177,0
c0013,28193,0
c0013,28215,0
c0013,28231,0
c0013,28258,1
c0013,28274,0
c0013,28290,0
c0013,28312,0
c0013,28339,0
c0013,28355,0
c0013,28371,2
c0013,28398,0
c0013,28410,0
c0013,28436,0
c0013,28452,0
c0013,28479,0
c0013,28495,0
c0013,28517,0
c0013,28533,4
c0013,28550,0
c0013,28576,0
c0013,28592,0
c0013,28614,0
c0013,28630,0
c0013,28657,0
c0013,28673,0
c0013,28690,0
c0013,28711,0
c0013,28738,0
c0013,28754,0
c0013,28770,0
c0013,28797,0
c0013,28819,0
c0013,28835,0
c0013,28851,0
c0013,28878,0
c0013,28894,0
c0013,28916,0
c0013,28932,0
c0014,27006,1
c0014,27014,0
c0014,27022,0
c0014,27030,0
c0014,27049,0
c0014,27057,9
c0014,27065,4
c0014,27073,0
c0014,27081,0
c0014,27090,1
c0014,27111,0
c0014,27138,0
c0014,27154,0
c0014,27170,0
c0014,27197,0
c0014,27219,0
c0014,27235,0
c0014,27251,0
c0014,27278,1
c0014,27294,0
c0014,27316,0
c0014,27332,0
c0014,27359,0
c0014,27375,0
c0014,27391,1
c0014,27413,0
c0014,27430,0
c0014,27456,1
c0014,27472,1
c0014,27499,1
c0014,27510,1
c0014,27537,0
c0014,27553,1
c0014,27570,0
c0014,27596,0
c0014,27618,4
c0014,27634,0
c0014,27650,0
c0014,27677,0
c0014,27693,0
c0014,27715,0
c0014,27731,0
c0014,27758,1
c0014,27774,15
c0014,27790,0
c0014,27812,0
c0014,27839,0
c0014,27855,374
c0014,27871,0
c0014,27898,0
c0014,27910,1
c0014,27936,7
c0014,27952,0
c0014,27979,0
c0014,27995,0
c0014,28010,1
c0014,28037,1
c0014,28053,1
c0014,28070,0
c0014,28096,6
c0014,28118,0
c0014,28134,1
c0014,28150,0
c0014,28177,0
c0014,28193,0
c0014,28215,0
c0014,28231,0
c0014,28258,1
c0014,28274,1
c0014,28290,0
c0014,28312,0
c0014,28339,4
c0014,28355,0
c0014,28371,5
c0014,28398,0
c0014,28410,0
c0014,28436,0
c0014,28452,0
c0014,28479,0
c0014,28495,0
c0014,28517,0
c0014,28533,21
c0014,28550,0
c0014,28576,0
c0014,28592,0
c0014,28614,0
c0014,28630,0
c0014,28657,0
c0014,28673,4
c0014,28690,0
c0014,28711,6
c0014,28738,0
c0014,28754,3
c0014,28770,0
c0014,28797,0
c0014,28819,0
c0014,28835,0
c0014,28851,4
c0014,28878,1
c0014,28894,0
c0014,28916,0
c0014,28932,3
c0015,27006,7
c0015,27014,2
c0015,27022,1
c0015,27030,4
c0015,27049,0
c0015,27057,695
c0015,27065,78
c0015,27073,654
c0015,27081,6
c0015,27090,34
c0015,27111,97
c0015,27138,9
c0015,27154,8
c0015,27170,10
c0015,27197,127
c0015,27219,91
c0015,27235,1
c0015,27251,182
c0015,27278,73
c0015,27294,17
c0015,27316,10
c0015,27332,70
c0015,27359,6
c0015,27375,50
c0015,27391,9
c0015,27413,361
c0015,27430,97
c0015,27456,205
c0015,27472,618
c0015,27499,0
c0015,27510,10
c0015,27537,269
c0015,27553,18
c0015,27570,22
c0015,27596,206
c0015,27618,5
c0015,27634,341
c0015,27650,25
c0015,27677,0
c0015,27693,6
c0015,27715,31
c0015,27731,1
c0015,27758,12
c0015,27774,6
c0015,27790,37
c0015,27812,5
c0015,27839,14
c0015,27855,9695
c0015,27871,1
c0015,27898,69
c0015,27910,2
c0015,27936,694
c0015,27952,286
c0015,27979,5
c0015,27995,13
c0015,28010,3
c0015,28037,11
c0015,28053,0
c0015,28070,1
c0015,28096,10
c0015,28118,8
c0015,28134,135
c0015,28150,6
c0015,28177,0
c0015,28193,3
c0015,28215,1
c0015,28231,0
c0015,28258,51
c0015,28274,34
c0015,28290,5
c0015,28312,30
c0015,28339,628
c0015,28355,125
c0015,28371,30
c0015,28398,1
c0015,28410,1
c0015,28436,2
c0015,28452,205
c0015,28479,41
c0015,28495,3
c0015,28517,96
c0015,28533,1090
c0015,28550,112
c0015,28576,85
c0015,28592,70
c0015,28614,46
c0015,28630,8
c0015,28657,239
c0015,28673,146
c0015,28690,9
c0015,28711,511
c0015,28738,20
c0015,28754,68
c0015,28770,227
c0015,28797,3
c0015,28819,2
c0015,28835,2
c0015,28851,1104
c0015,28878,246
c0015,28894,24
c0015,28916,0
c0015,28932,24
c0016,27006,39
c0016,27014,99
c0016,27022,18
c0016,27030,21
c0016,27049,4
c0016,27057,736
c0016,27065,6
c0016,27073,42
c0016,27081,1
c0016,27090,13
c0016,27111,24
c0016,27138,27
c0016,27154,18
c0016,27170,11
c0016,27197,72
c0016,27219,10
c0016,27235,1
c0016,27251,9
c0016,27278,54
c0016,27294,7
c0016,27316,25
c0016,27332,82
c0016,27359,13
c0016,27375,4
c0016,27391,39
c0016,27413,23
c0016,27430,6
c0016,27456,35
c0016,27472,100
c0016,27499,1
c0016,27510,20
c0016,27537,5
c0016,27553,13
c0016,27570,20
c0016,27596,3
c0016,27618,20
c0016,27634,11
c0016,27650,155
c0016,27677,2
c0016,27693,3
c0016,27715,5
c0016,27731,3
c0016,27758,50
c0016,27774,7
c0016,27790,12
c0016,27812,23
c0016,27839,31
c0016,27855,9544
c0016,27871,9
c0016,27898,19
c0016,27910,7
c0016,27936,139
c0016,27952,38
c0016,27979,3
c0016,27995,13
c0016,28010,26
c0016,28037,35
c0016,28053,1
c0016,28070,0
c0016,28096,22
c0016,28118,5
c0016,28134,23
c0016,28150,2
c0016,28177,2
c0016,28193,2
c0016,28215,2
c0016,28231,2
c0016,28258,107
c0016,28274,63
c0016,28290,20
c0016,28312,2
c0016,28339,74
c0016,28355,8
c0016,28371,52
c0016,28398,6
c0016,28410,24
c0016,28436,6
c0016,28452,30
c0016,28479,45
c0016,28495,12
c0016,28517,0
c0016,28533,195
c0016,28550,5
c0016,28576,15
c0016,28592,42
c0016,28614,21
c0016,28630,2
c0016,28657,37
c0016,28673,173
c0016,28690,33
c0016,28711,183
c0016,28738,12
c0016,28754,89
c0016,28770,62
c0016,28797,19
c0016,28819,129
c0016,28835,9
c0016,28851,197
c0016,28878,43
c0016,28894,68
c0016,28916,5
c0016,28932,45
c0017,27006,0
c0017,27014,1
c0017,27022,1
c0017,27030,0
c0017,27049,0
c0017,27057,2
c0017,27065,0
c0017,27073,0
c0017,27081,0
c0017,27090,0
c0017,27111,0
c0017,27138,0
c0017,27154,0
c0017,27170,0
c0017,27197,0
c0017,27219,0
c0017,27235,0
c0017,27251,0
c0017,27278,0
c0017,27294,0
c0017,27316,1
c0017,27332,0
c0017,27359,0
c0017,27375,0
c0017,27391,0
c0017,27413,0
c0017,27430,0
c0017,27456,3
c0017,27472,133
c0017,27499,0
c0017,27510,0
c0017,27537,0
c0017,27553,0
c0017,27570,0
c0017,27596,0
c0017,27618,0
c0017,27634,0
c0017,27650,1
c0017,27677,0
c0017,27693,0
c0017,27715,0
c0017,27731,0
c0017,27758,0
c0017,27774,0
c0017,27790,0
c0017,27812,0
c0017,27839,0
c0017,27855,9
c0017,27871,0
c0017,27898,0
c0017,27910,0
c0017,27936,1
c0017,27952,0
c0017,27979,0
c0017,27995,1
c0017,28010,0
c0017,28037,1
c0017,28053,0
c0017,28070,0
c0017,28096,0
c0017,28118,0
c0017,28134,0
c0017,28150,3
c0017,28177,0
c0017,28193,0
c0017,28215,0
c0017,28231,0
c0017,28258,0
c0017,28274,0
c0017,28290,0
c0017,28312,0
c0017,28339,0
c0017,28355,0
c0017,28371,0
c0017,28398,0
c0017,28410,1
c0017,28436,0
c0017,28452,0
c0017,28479,0
c0017,28495,0
c0017,28517,0
c0017,28533,1
c0017,28550,0
c0017,28576,0
c0017,28592,0
c0017,28614,1
c0017,28630,0
c0017,28657,0
c0017,28673,0
c0017,28690,1
c0017,28711,0
c0017,28738,0
c0017,28754,0
c0017,28770,0
c0017,28797,0
c0017,28819,0
c0017,28835,0
c0017,28851,0
c0017,28878,0
c0017,28894,1
c0017,28916,0
c0017,28932,0
c0018,27006,1
c0018,27014,44
c0018,27022,3
c0018,27030,276
c0018,27049,12
c0018,27057,7002
c0018,27065,8
c0018,27073,13
c0018,27081,1
c0018,27090,62
c0018,27111,55
c0018,27138,286
c0018,27154,7
c0018,27170,30
c0018,27197,51
c0018,27219,149
c0018,27235,22
c0018,27251,18
c0018,27278,81
c0018,27294,2768
c0018,27316,5
c0018,27332,332
c0018,27359,10
c0018,27375,176
c0018,27391,46
c0018,27413,1
c0018,27430,0
c0018,27456,19
c0018,27472,31
c0018,27499,2
c0018,27510,378
c0018,27537,0
c0018,27553,2
c0018,27570,148
c0018,27596,32
c0018,27618,930
c0018,27634,13
c0018,27650,208
c0018,27677,61
c0018,27693,0
c0018,27715,0
c0018,27731,306
c0018,27758,1
c0018,27774,0
c0018,27790,16
c0018,27812,433
c0018,27839,111
c0018,27855,2389
c0018,27871,408
c0018,27898,3
c0018,27910,7
c0018,27936,27
c0018,27952,1729
c0018,27979,6
c0018,27995,11
c0018,28010,2
c0018,28037,2
c0018,28053,0
c0018,28070,20
c0018,28096,5
c0018,28118,3
c0018,28134,19
c0018,28150,0
c0018,28177,1253
c0018,28193,3
c0018,28215,5
c0018,28231,7
c0018,28258,99
c0018,28274,576
c0018,28290,7
c0018,28312,11
c0018,28339,27
c0018,28355,5
c0018,28371,2
c0018,28398,13
c0018,28410,18
c0018,28436,19
c0018,28452,5
c0018,28479,1
c0018,28495,16
c0018,28517,3
c0018,28533,107
c0018,28550,6
c0018,28576,77
c0018,28592,77
c0018,28614,2287
c0018,28630,18
c0018,28657,12
c0018,28673,125
c0018,28690,6
c0018,28711,33
c0018,28738,0
c0018,28754,256
c0018,28770,9
c0018,28797,218
c0018,28819,376
c0018,28835,6406
c0018,28851,133
c0018,28878,22
c0018,28894,1116
c0018,28916,10
c0018,28932,14
c0019,27006,99
c0019,27014,103
c0019,27022,27
c0019,27030,96
c0019,27049,12
c0019,27057,2789
c0019,27065,34
c0019,27073,138
c0019,27081,33
c0019,27090,92
c0019,27111,102
c0019,27138,92
c0019,27154,34
c0019,27170,9
c0019,27197,163
c0019,27219,69
c0019,27235,13
c0019,27251,162
c0019,27278,241
c0019,27294,55
c0019,27316,49
c0019,27332,79
c0019,27359,35
c0019,27375,25
c0019,27391,62
c0019,27413,264
c0019,27430,38
c0019,27456,241
c0019,27472,302
c0019,27499,14
c0019,27510,111
c0019,27537,13
c0019,27553,91
c0019,27570,171
c0019,27596,36
c0019,27618,151
c0019,27634,43
c0019,27650,80
c0019,27677,24
c0019,27693,17
c0019,27715,49
c0019,27731,16
c0019,27758,102
c0019,27774,31
c0019,27790,111
c0019,27812,160
c0019,27839,110
c0019,27855,30252
c0019,27871,53
c0019,27898,134
c0019,27910,22
c0019,27936,681
c0019,27952,63
c0019,27979,25
c0019,27995,44
c0019,28010,62
c0019,28037,111
c0019,28053,4
c0019,28070,6
c0019,28096,105
c0019,28118,39
c0019,28134,79
c0019,28150,37
c0019,28177,11
c0019,28193,21
c0019,28215,40
c0019,28231,22
c0019,28258,526
c0019,28274,85
c0019,28290,61
c0019,28312,22
c0019,28339,316
c0019,28355,54
c0019,28371,194
c0019,28398,11
c0019,28410,91
c0019,28436,37
c0019,28452,108
c0019,28479,76
c0019,28495,73
c0019,28517,43
c0019,28533,978
c0019,28550,6
c0019,28576,75
c0019,28592,206
c0019,28614,137
c0019,28630,15
c0019,28657,58
c0019,28673,84
c0019,28690,74
c0019,28711,535
c0019,28738,62
c0019,28754,185
c0019,28770,252
c0019,28797,25
c0019,28819,166
c0019,28835,100
c0019,28851,370
c0019,28878,138
c0019,28894,192
c0019,28916,11
c0019,28932,654
c0020,27006,4
c0020,27014,1
c0020,27022,1
c0020,27030,1
c0020,27049,0
c0020,27057,23
c0020,27065,0
c0020,27073,1
c0020,27081,0
c0020,27090,1
c0020,27111,0
c0020,27138,1
c0020,27154,0
c0020,27170,0
c0020,27197,0
c0020,27219,2
c0020,27235,0
c0020,27251,0
c0020,27278,0
c0020,27294,0
c0020,27316,0
c0020,27332,1
c0020,27359,0
c0020,27375,0
c0020,27391,0
c0020,27413,0
c0020,27430,0
c0020,27456,4
c0020,27472,4
c0020,27499,0
c0020,27510,0
c0020,27537,0
c0020,27553,1
c0020,27570,0
c0020,27596,1
c0020,27618,1
c0020,27634,0
c0020,27650,0
c0020,27677,1
c0020,27693,0
c0020,27715,1
c0020,27731,0
c0020,27758,4
c0020,27774,0
c0020,27790,0
c0020,27812,0
c0020,27839,3
c0020,27855,357
c0020,27871,1
c0020,27898,5
c0020,27910,0
c0020,27936,17
c0020,27952,1
c0020,27979,1
c0020,27995,0
c0020,28010,1
c0020,28037,0
c0020,28053,0
c0020,28070,0
c0020,28096,5
c0020,28118,0
c0020,28134,3
c0020,28150,0
c0020,28177,0
c0020,28193,0
c0020,28215,0
c0020,28231,1
c0020,28258,7
c0020,28274,1
c0020,28290,1
c0020,28312,0
c0020,28339,3
c0020,28355,0
c0020,28371,5
c0020,28398,0
c0020,28410,2
c0020,28436,0
c0020,28452,2
c0020,28479,0
c0020,28495,5
c0020,28517,0
c0020,28533,13
c0020,28550,0
c0020,28576,0
c0020,28592,1
c0020,28614,1
c0020,28630,0
c0020,28657,0
c0020,28673,1
c0020,28690,2
c0020,28711,3
c0020,28738,6
c0020,28754,2
c0020,28770,1
c0020,28797,1
c0020,28819,1
c0020,28835,0
c0020,28851,24
c0020,28878,1
c0020,28894,0
c0020,28916,0
c0020,28932,0
c0021,27006,110
c0021,27014,99
c0021,27022,9
c0021,27030,9
c0021,27049,4
c0021,27057,1955
c0021,27065,173
c0021,27073,711
c0021,27081,72
c0021,27090,114
c0021,27111,81
c0021,27138,132
c0021,27154,6
c0021,27170,40
c0021,27197,137
c0021,27219,42
c0021,27235,0
c0021,27251,127
c0021,27278,34
c0021,27294,14
c0021,27316,5
c0021,27332,59
c0021,27359,16
c0021,27375,8
c0021,27391,47
c0021,27413,292
c0021,27430,769
c0021,27456,193
c0021,27472,529
c0021,27499,24
c0021,27510,52
c0021,27537,130
c0021,27553,64
c0021,27570,125
c0021,27596,71
c0021,27618,171
c0021,27634,358
c0021,27650,41
c0021,27677,62
c0021,27693,22
c0021,27715,24
c0021,27731,6
c0021,27758,453
c0021,27774,19
c0021,27790,6
c0021,27812,151
c0021,27839,69
c0021,27855,11414
c0021,27871,18
c0021,27898,126
c0021,27910,2
c0021,27936,566
c0021,27952,122
c0021,27979,7
c0021,27995,22
c0021,28010,372
c0021,28037,107
c0021,28053,0
c0021,28070,6
c0021,28096,34
c0021,28118,317
c0021,28134,392
c0021,28150,15
c0021,28177,1
c0021,28193,16
c0021,28215,5
c0021,28231,15
c0021,28258,341
c0021,28274,19
c0021,28290,28
c0021,28312,88
c0021,28339,1033
c0021,28355,177
c0021,28371,50
c0021,28398,14
c0021,28410,12
c0021,28436,19
c0021,28452,260
c0021,28479,145
c0021,28495,378
c0021,28517,69
c0021,28533,1461
c0021,28550,33
c0021,28576,34
c0021,28592,359
c0021,28614,27
c0021,28630,11
c0021,28657,160
c0021,28673,256
c0021,28690,23
c0021,28711,615
c0021,28738,63
c0021,28754,187
c0021,28770,70
c0021,28797,48
c0021,28819,149
c0021,28835,35
c0021,28851,2040
c0021,28878,369
c0021,28894,80
c0021,28916,1
c0021,28932,27
c0022,27006,33
c0022,27014,15
c0022,27022,8
c0022,27030,17
c0022,27049,4
c0022,27057,415
c0022,27065,22
c0022,27073,20
c0022,27081,4
c0022,27090,28
c0022,27111,31
c0022,27138,6
c0022,27154,1
c0022,27170,5
c0022,27197,32
c0022,27219,8
c0022,27235,5
c0022,27251,16
c0022,27278,50
c0022,27294,1
c0022,27316,6
c0022,27332,15
c0022,27359,12
c0022,27375,7
c0022,27391,7
c0022,27413,13
c0022,27430,11
c0022,27456,77
c0022,27472,90
c0022,27499,3
c0022,27510,6
c0022,27537,1
c0022,27553,13
c0022,27570,13
c0022,27596,13
c0022,27618,24
c0022,27634,17
c0022,27650,6
c0022,27677,3
c0022,27693,2
c0022,27715,8
c0022,27731,1
c0022,27758,18
c0022,27774,3
c0022,27790,16
c0022,27812,20
c0022,27839,14
c0022,27855,7383
c0022,27871,7
c0022,27898,61
c0022,27910,5
c0022,27936,201
c0022,27952,11
c0022,27979,6
c0022,27995,3
c0022,28010,13
c0022,28037,17
c0022,28053,1
c0022,28070,3
c0022,28096,30
c0022,28118,11
c0022,28134,24
c0022,28150,4
c0022,28177,8
c0022,28193,2
c0022,28215,6
c0022,28231,2
c0022,28258,110
c0022,28274,16
c0022,28290,15
c0022,28312,3
c0022,28339,58
c0022,28355,17
c0022,28371,39
c0022,28398,1
c0022,28410,38
c0022,28436,10
c0022,28452,10
c0022,28479,19
c0022,28495,20
c0022,28517,7
c0022,28533,244
c0022,28550,0
c0022,28576,17
c0022,28592,51
c0022,28614,4
c0022,28630,7
c0022,28657,15
c0022,28673,10
c0022,28690,27
c0022,28711,149
c0022,28738,19
c0022,28754,12
c0022,28770,91
c0022,28797,3
c0022,28819,27
c0022,28835,17
c0022,28851,84
c0022,28878,47
c0022,28894,24
c0022,28916,5
c0022,28932,67
c0023,27006,2
c0023,27014,0
c0023,27022,0
c0023,27030,1
c0023,27049,0
c0023,27057,13
c0023,27065,0
c0023,27073,0
c0023,27081,1
c0023,27090,0
c0023,27111,2
c0023,27138,0
c0023,27154,0
c0023,27170,0
c0023,27197,4
c0023,27219,0
c0023,27235,0
c0023,27251,0
c0023,27278,3
c0023,27294,0
c0023,27316,0
c0023,27332,1
c0023,27359,0
c0023,27375,1
c0023,27391,0
c0023,27413,0
c0023,27430,0
c0023,27456,6
c0023,27472,2
c0023,27499,0
c0023,27510,0
c0023,27537,1
c0023,27553,0
c0023,27570,1
c0023,27596,0
c0023,27618,0
c0023,27634,0
c0023,27650,1
c0023,27677,0
c0023,27693,0
c0023,27715,1
c0023,27731,0
c0023,27758,3
c0023,27774,1
c0023,27790,0
c0023,27812,0
c0023,27839,0
c0023,27855,283
c0023,27871,0
c0023,27898,8
c0023,27910,0
c0023,27936,2
c0023,27952,0
c0023,27979,0
c0023,27995,0
c0023,28010,0
c0023,28037,0
c0023,28053,0
c0023,28070,0
c0023,28096,0
c0023,28118,1
c0023,28134,1
c0023,28150,0
c0023,28177,0
c0023,28193,0
c0023,28215,1
c0023,28231,0
c0023,28258,3
c0023,28274,0
c0023,28290,0
c0023,28312,0
c0023,28339,2
c0023,28355,0
c0023,28371,2
c0023,28398,0
c0023,28410,1
c0023,28436,0
c0023,28452,0
c0023,28479,0
c0023,28495,0
c0023,28517,0
c0023,28533,4
c0023,28550,0
c0023,28576,2
c0023,28592,0
c0023,28614,0
c0023,28630,0
c0023,28657,0
c0023,28673,0
c0023,28690,1
c0023,28711,7
c0023,28738,1
c0023,28754,0
c0023,28770,4
c0023,28797,0
c0023,28819,0
c0023,28835,0
c0023,28851,0
c0023,28878,0
c0023,28894,0
c0023,28916,0
c0023,28932,0
c0024,27006,1
c0024,27014,1
c0024,27022,0
c0024,27030,0
c0024,27049,0
c0024,27057,2
c0024,27065,0
c0024,27073,1
c0024,27081,0
c0024,27090,1
c0024,27111,0
c0024,27138,1
c0024,27154,0
c0024,27170,0
c0024,27197,0
c0024,27219,0
c0024,27235,0
c0024,27251,0
c0024,27278,1
c0024,27294,0
c0024,27316,0
c0024,27332,0
c0024,27359,0
c0024,27375,1
c0024,27391,0
c0024,27413,0
c0024,27430,0
c0024,27456,0
c0024,27472,1
c0024,27499,1
c0024,27510,2
c0024,27537,0
c0024,27553,0
c0024,27570,0
c0024,27596,0
c0024,27618,0
c0024,27634,0
c0024,27650,0
c0024,27677,0
c0024,27693,0
c0024,27715,1
c0024,27731,0
c0024,27758,0
c0024,27774,0
c0024,27790,0
c0024,27812,0
c0024,27839,0
c0024,27855,157
c0024,27871,0
c0024,27898,2
c0024,27910,0
c0024,27936,1
c0024,27952,0
c0024,27979,0
c0024,27995,0
c0024,28010,1
c0024,28037,0
c0024,28053,0
c0024,28070,0
c0024,28096,0
c0024,28118,0
c0024,28134,1
c0024,28150,0
c0024,28177,0
c0024,28193,0
c0024,28215,0
c0024,28231,0
c0024,28258,0
c0024,28274,0
c0024,28290,0
c0024,28312,0
c0024,28339,2
c0024,28355,2
c0024,28371,1
c0024,28398,0
c0024,28410,3
c0024,28436,0
c0024,28452,1
c0024,28479,1
c0024,28495,0
c0024,28517,0
c0024,28533,1
c0024,28550,0
c0024,28576,0
c0024,28592,0
c0024,28614,2
c0024,28630,0
c0024,28657,1
c0024,28673,0
c0024,28690,0
c0024,28711,0
c0024,28738,0
c0024,28754,0
c0024,28770,1
c0024,28797,0
c0024,28819,1
c0024,28835,0
c0024,28851,2
c0024,28878,1
c0024,28894,0
c0024,28916,0
c0024,28932,0
c0025,27006,8
c0025,27014,102
c0025,27022,1
c0025,27030,20
c0025,27049,5
c0025,27057,3862
c0025,27065,15
c0025,27073,161
c0025,27081,107
c0025,27090,8
c0025,27111,187
c0025,27138,217
c0025,27154,6
c0025,27170,27
c0025,27197,50
c0025,27219,340
c0025,27235,2
c0025,27251,41
c0025,27278,41
c0025,27294,24
c0025,27316,49
c0025,27332,27
c0025,27359,8
c0025,27375,13
c0025,27391,48
c0025,27413,6
c0025,27430,6
c0025,27456,132
c0025,27472,206
c0025,27499,2
c0025,27510,418
c0025,27537,0
c0025,27553,4
c0025,27570,102
c0025,27596,79
c0025,27618,99
c0025,27634,26
c0025,27650,2
c0025,27677,4
c0025,27693,3
c0025,27715,105
c0025,27731,11
c0025,27758,7
c0025,27774,46
c0025,27790,12
c0025,27812,723
c0025,27839,80
c0025,27855,5055
c0025,27871,7
c0025,27898,75
c0025,27910,86
c0025,27936,321
c0025,27952,266
c0025,27979,1
c0025,27995,15
c0025,28010,12
c0025,28037,109
c0025,28053,0
c0025,28070,2
c0025,28096,17
c0025,28118,48
c0025,28134,7
c0025,28150,0
c0025,28177,9
c0025,28193,5
c0025,28215,189
c0025,28231,3
c0025,28258,222
c0025,28274,331
c0025,28290,32
c0025,28312,43
c0025,28339,68
c0025,28355,30
c0025,28371,37
c0025,28398,2
c0025,28410,35
c0025,28436,1021
c0025,28452,17
c0025,28479,119
c0025,28495,71
c0025,28517,33
c0025,28533,289
c0025,28550,3
c0025,28576,21
c0025,28592,201
c0025,28614,1702
c0025,28630,11
c0025,28657,8
c0025,28673,138
c0025,28690,35
c0025,28711,726
c0025,28738,73
c0025,28754,203
c0025,28770,24
c0025,28797,3
c0025,28819,30
c0025,28835,19
c0025,28851,488
c0025,28878,127
c0025,28894,708
c0025,28916,72
c0025,28932,105
c0026,27006,3
c0026,27014,3
c0026,27022,2
c0026,27030,5
c0026,27049,0
c0026,27057,221
c0026,27065,0
c0026,27073,3
c0026,27081,2
c0026,27090,0
c0026,27111,0
c0026,27138,2
c0026,27154,4
c0026,27170,0
c0026,27197,2
c0026,27219,0
c0026,27235,0
c0026,27251,4
c0026,27278,3
c0026,27294,3
c0026,27316,1
c0026,27332,4
c0026,27359,0
c0026,27375,0
c0026,27391,5
c0026,27413,3
c0026,27430,0
c0026,27456,6
c0026,27472,7
c0026,27499,0
c0026,27510,13
c0026,27537,0
c0026,27553,1
c0026,27570,17
c0026,27596,1
c0026,27618,21
c0026,27634,4
c0026,27650,1
c0026,27677,0
c0026,27693,0
c0026,27715,5
c0026,27731,0
c0026,27758,0
c0026,27774,0
c0026,27790,1
c0026,27812,13
c0026,27839,11
c0026,27855,158
c0026,27871,2
c0026,27898,12
c0026,27910,3
c0026,27936,1
c0026,27952,0
c0026,27979,0
c0026,27995,1
c0026,28010,1
c0026,28037,4
c0026,28053,2
c0026,28070,1
c0026,28096,1
c0026,28118,7
c0026,28134,4
c0026,28150,0
c0026,28177,0
c0026,28193,1
c0026,28215,0
c0026,28231,0
c0026,28258,10
c0026,28274,2
c0026,28290,0
c0026,28312,0
c0026,28339,11
c0026,28355,5
c0026,28371,2
c0026,28398,0
c0026,28410,0
c0026,28436,4
c0026,28452,0
c0026,28479,2
c0026,28495,2
c0026,28517,1
c0026,28533,16
c0026,28550,1
c0026,28576,4
c0026,28592,9
c0026,28614,6
c0026,28630,4
c0026,28657,2
c0026,28673,1
c0026,28690,0
c0026,28711,15
c0026,28738,1
c0026,28754,10
c0026,28770,2
c0026,28797,0
c0026,28819,2
c0026,28835,6
c0026,28851,4
c0026,28878,0
c0026,28894,14
c0026,28916,2
c0026,28932,20
c0027,27006,1
c0027,27014,0
c0027,27022,0
c0027,27030,0
c0027,27049,0
c0027,27057,15
c0027,27065,0
c0027,27073,1
c0027,27081,0
c0027,27090,0
c0027,27111,0
c0027,27138,0
c0027,27154,0
c0027,27170,1
c0027,27197,1
c0027,27219,2
c0027,27235,0
c0027,27251,0
c0027,27278,0
c0027,27294,0
c0027,27316,0
c0027,27332,2
c0027,27359,0
c0027,27375,0
c0027,27391,0
c0027,27413,2
c0027,27430,0
c0027,27456,0
c0027,27472,5
c0027,27499,0
c0027,27510,2
c0027,27537,0
c0027,27553,0
c0027,27570,0
c0027,27596,1
c0027,27618,1
c0027,27634,1
c0027,27650,0
c0027,27677,0
c0027,27693,2
c0027,27715,0
c0027,27731,0
c0027,27758,1
c0027,27774,0
c0027,27790,1
c0027,27812,0
c0027,27839,0
c0027,27855,38
c0027,27871,2
c0027,27898,0
c0027,27910,1
c0027,27936,1
c0027,27952,1
c0027,27979,0
c0027,27995,0
c0027,28010,0
c0027,28037,1
c0027,28053,0
c0027,28070,0
c0027,28096,5
c0027,28118,0
c0027,28134,0
c0027,28150,0
c0027,28177,0
c0027,28193,0
c0027,28215,0
c0027,28231,0
c0027,28258,18
c0027,28274,0
c0027,28290,1
c0027,28312,0
c0027,28339,2
c0027,28355,1
c0027,28371,1
c0027,28398,0
c0027,28410,2
c0027,28436,2
c0027,28452,2
c0027,28479,0
c0027,28495,1
c0027,28517,0
c0027,28533,1
c0027,28550,1
c0027,28576,0
c0027,28592,6
c0027,28614,0
c0027,28630,0
c0027,28657,1
c0027,28673,0
c0027,28690,0
c0027,28711,1
c0027,28738,0
c0027,28754,0
c0027,28770,1
c0027,28797,0
c0027,28819,0
c0027,28835,0
c0027,28851,0
c0027,28878,1
c0027,28894,0
c0027,28916,1
c0027,28932,1
c0028,27006,2
c0028,27014,4
c0028,27022,0
c0028,27030,2
c0028,27049,0
c0028,27057,6
c0028,27065,2
c0028,27073,7
c0028,27081,0
c0028,27090,2
c0028,27111,5
c0028,27138,0
c0028,27154,0
c0028,27170,1
c0028,27197,1
c0028,27219,1
c0028,27235,0
c0028,27251,1
c0028,27278,0
c0028,27294,0
c0028,27316,0
c0028,27332,0
c0028,27359,1
c0028,27375,0
c0028,27391,0
c0028,27413,1
c0028,27430,5
c0028,27456,0
c0028,27472,3
c0028,27499,1
c0028,27510,1
c0028,27537,0
c0028,27553,2
c0028,27570,1
c0028,27596,1
c0028,27618,1
c0028,27634,2
c0028,27650,1
c0028,27677,0
c0028,27693,1
c0028,27715,0
c0028,27731,0
c0028,27758,9
c0028,27774,1
c0028,27790,4
c0028,27812,0
c0028,27839,0
c0028,27855,447
c0028,27871,0
c0028,27898,2
c0028,27910,0
c0028,27936,26
c0028,27952,0
c0028,27979,0
c0028,27995,0
c0028,28010,1
c0028,28037,0
c0028,28053,0
c0028,28070,1
c0028,28096,6
c0028,28118,1
c0028,28134,3
c0028,28150,0
c0028,28177,0
c0028,28193,0
c0028,28215,1
c0028,28231,0
c0028,28258,9
c0028,28274,2
c0028,28290,3
c0028,28312,0
c0028,28339,0
c0028,28355,2
c0028,28371,9
c0028,28398,0
c0028,28410,0
c0028,28436,0
c0028,28452,0
c0028,28479,2
c0028,28495,1
c0028,28517,1
c0028,28533,18
c0028,28550,0
c0028,28576,3
c0028,28592,2
c0028,28614,0
c0028,28630,0
c0028,28657,1
c0028,28673,2
c0028,28690,1
c0028,28711,30
c0028,28738,5
c0028,28754,0
c0028,28770,1
c0028,28797,0
c0028,28819,2
c0028,28835,0
c0028,28851,6
c0028,28878,3
c0028,28894,2
c0028,28916,1
c0028,28932,8
c0029,27006,10
c0029,27014,1
c0029,27022,0
c0029,27030,4
c0029,27049,0
c0029,27057,23
c0029,27065,2
c0029,27073,8
c0029,27081,0
c0029,27090,0
c0029,27111,4
c0029,27138,0
c0029,27154,1
c0029,27170,0
c0029,27197,4
c0029,27219,2
c0029,27235,0
c0029,27251,1
c0029,27278,6
c0029,27294,0
c0029,27316,0
c0029,27332,2
c0029,27359,0
c0029,27375,0
c0029,27391,0
c0029,27413,2
c0029,27430,6
c0029,27456,6
c0029,27472,2
c0029,27499,0
c0029,27510,4
c0029,27537,0
c0029,27553,0
c0029,27570,1
c0029,27596,0
c0029,27618,0
c0029,27634,0
c0029,27650,0
c0029,27677,0
c0029,27693,0
c0029,27715,0
c0029,27731,0
c0029,27758,0
c0029,27774,1
c0029,27790,1
c0029,27812,0
c0029,27839,1
c0029,27855,2078
c0029,27871,2
c0029,27898,5
c0029,27910,1
c0029,27936,40
c0029,27952,1
c0029,27979,0
c0029,27995,2
c0029,28010,2
c0029,28037,4
c0029,28053,0
c0029,28070,0
c0029,28096,3
c0029,28118,1
c0029,28134,3
c0029,28150,0
c0029,28177,0
c0029,28193,2
c0029,28215,0
c0029,28231,0
c0029,28258,5
c0029,28274,2
c0029,28290,0
c0029,28312,1
c0029,28339,9
c0029,28355,1
c0029,28371,5
c0029,28398,2
c0029,28410,5
c0029,28436,0
c0029,28452,1
c0029,28479,1
c0029,28495,2
c0029,28517,0
c0029,28533,23
c0029,28550,3
c0029,28576,1
c0029,28592,7
c0029,28614,1
c0029,28630,0
c0029,28657,1
c0029,28673,1
c0029,28690,1
c0029,28711,13
c0029,28738,7
c0029,28754,0
c0029,28770,13
c0029,28797,0
c0029,28819,2
c0029,28835,3
c0029,28851,9
c0029,28878,6
c0029,28894,1
c0029,28916,1
c0029,28932,1
c0030,27006,40
c0030,27014,805
c0030,27022,796
c0030,27030,63
c0030,27049,43
c0030,27057,2666
c0030,27065,91
c0030,27073,544
c0030,27081,3
c0030,27090,37
c0030,27111,25
c0030,27138,73
c0030,27154,17
c0030,27170,33
c0030,27197,463
c0030,27219,35
c0030,27235,11
c0030,27251,366
c0030,27278,121
c0030,27294,14
c0030,27316,478
c0030,27332,86
c0030,27359,49
c0030,27375,103
c0030,27391,9
c0030,27413,123
c0030,27430,509
c0030,27456,70
c0030,27472,2555
c0030,27499,40
c0030,27510,1060
c0030,27537,2
c0030,27553,22
c0030,27570,94
c0030,27596,80
c0030,27618,248
c0030,27634,153
c0030,27650,267
c0030,27677,16
c0030,27693,230
c0030,27715,111
c0030,27731,0
c0030,27758,74
c0030,27774,5
c0030,27790,24
c0030,27812,591
c0030,27839,40
c0030,27855,8669
c0030,27871,112
c0030,27898,338
c0030,27910,39
c0030,27936,217
c0030,27952,23
c0030,27979,74
c0030,27995,42
c0030,28010,26
c0030,28037,18
c0030,28053,7
c0030,28070,5
c0030,28096,80
c0030,28118,30
c0030,28134,68
c0030,28150,113
c0030,28177,1
c0030,28193,7
c0030,28215,236
c0030,28231,0
c0030,28258,2657
c0030,28274,598
c0030,28290,10
c0030,28312,10
c0030,28339,316
c0030,28355,65
c0030,28371,357
c0030,28398,4
c0030,28410,1002
c0030,28436,1490
c0030,28452,430
c0030,28479,452
c0030,28495,21
c0030,28517,26
c0030,28533,633
c0030,28550,40
c0030,28576,34
c0030,28592,1393
c0030,28614,41
c0030,28630,206
c0030,28657,59
c0030,28673,456
c0030,28690,34
c0030,28711,669
c0030,28738,32
c0030,28754,272
c0030,28770,90
c0030,28797,77
c0030,28819,46
c0030,28835,150
c0030,28851,1559
c0030,28878,444
c0030,28894,385
c0030,28916,502
c0030,28932,162
c0031,27006,12
c0031,27014,13
c0031,27022,1
c0031,27030,2
c0031,27049,2
c0031,27057,99
c0031,27065,2
c0031,27073,2
c0031,27081,2
c0031,27090,5
c0031,27111,6
c0031,27138,1
c0031,27154,0
c0031,27170,0
c0031,27197,6
c0031,27219,6
c0031,27235,1
c0031,27251,22
c0031,27278,10
c0031,27294,0
c0031,27316,3
c0031,27332,2
c0031,27359,0
c0031,27375,4
c0031,27391,1
c0031,27413,2
c0031,27430,0
c0031,27456,15
c0031,27472,90
c0031,27499,1
c0031,27510,4
c0031,27537,2
c0031,27553,6
c0031,27570,49
c0031,27596,5
c0031,27618,57
c0031,27634,14
c0031,27650,3
c0031,27677,1
c0031,27693,3
c0031,27715,3
c0031,27731,1
c0031,27758,4
c0031,27774,0
c0031,27790,7
c0031,27812,1
c0031,27839,6
c0031,27855,1552
c0031,27871,3
c0031,27898,17
c0031,27910,4
c0031,27936,62
c0031,27952,1
c0031,27979,2
c0031,27995,3
c0031,28010,3
c0031,28037,4
c0031,28053,0
c0031,28070,0
c0031,28096,6
c0031,28118,2
c0031,28134,6
c0031,28150,9
c0031,28177,0
c0031,28193,0
c0031,28215,6
c0031,28231,1
c0031,28258,31
c0031,28274,3
c0031,28290,7
c0031,28312,1
c0031,28339,10
c0031,28355,3
c0031,28371,9
c0031,28398,0
c0031,28410,12
c0031,28436,3
c0031,28452,5
c0031,28479,12
c0031,28495,6
c0031,28517,1
c0031,28533,31
c0031,28550,0
c0031,28576,4
c0031,28592,9
c0031,28614,5
c0031,28630,2
c0031,28657,3
c0031,28673,2
c0031,28690,3
c0031,28711,15
c0031,28738,4
c0031,28754,34
c0031,28770,8
c0031,28797,2
c0031,28819,4
c0031,28835,5
c0031,28851,119
c0031,28878,11
c0031,28894,5
c0031,28916,3
c0031,28932,14
c0032,27006,8
c0032,27014,2
c0032,27022,6
c0032,27030,1
c0032,27049,1
c0032,27057,74
c0032,27065,4
c0032,27073,8
c0032,27081,5
c0032,27090,10
c0032,27111,9
c0032,27138,2
c0032,27154,1
c0032,27170,1
c0032,27197,15
c0032,27219,2
c0032,27235,0
c0032,27251,10
c0032,27278,21
c0032,27294,0
c0032,27316,2
c0032,27332,10
c0032,27359,0
c0032,27375,2
c0032,27391,0
c0032,27413,3
c0032,27430,5
c0032,27456,9
c0032,27472,12
c0032,27499,0
c0032,27510,5
c0032,27537,1
c0032,27553,1
c0032,27570,9
c0032,27596,3
c0032,27618,5
c0032,27634,2
c0032,27650,0
c0032,27677,5
c0032,27693,1
c0032,27715,0
c0032,27731,0
c0032,27758,2
c0032,27774,3
c0032,27790,4
c0032,27812,2
c0032,27839,4
c0032,27855,2955
c0032,27871,3
c0032,27898,5
c0032,27910,2
c0032,27936,79
c0032,27952,4
c0032,27979,6
c0032,27995,1
c0032,28010,1
c0032,28037,3
c0032,28053,0
c0032,28070,1
c0032,28096,5
c0032,28118,2
c0032,28134,6
c0032,28150,1
c0032,28177,0
c0032,28193,0
c0032,28215,0
c0032,28231,1
c0032,28258,58
c0032,28274,5
c0032,28290,8
c0032,28312,3
c0032,28339,21
c0032,28355,1
c0032,28371,20
c0032,28398,1
c0032,28410,5
c0032,28436,0
c0032,28452,5
c0032,28479,4
c0032,28495,2
c0032,28517,4
c0032,28533,57
c0032,28550,1
c0032,28576,5
c0032,28592,16
c0032,28614,0
c0032,28630,0
c0032,28657,3
c0032,28673,3
c0032,28690,3
c0032,28711,13
c0032,28738,12
c0032,28754,2
c0032,28770,10
c0032,28797,2
c0032,28819,3
c0032,28835,2
c0032,28851,23
c0032,28878,11
c0032,28894,4
c0032,28916,2
c0032,28932,10
c0033,27006,1
c0033,27014,5
c0033,27022,2
c0033,27030,4
c0033,27049,8
c0033,27057,10
c0033,27065,2
c0033,27073,1
c0033,27081,1
c0033,27090,0
c0033,27111,1
c0033,27138,0
c0033,27154,1
c0033,27170,0
c0033,27197,5
c0033,27219,0
c0033,27235,0
c0033,27251,1
c0033,27278,7
c0033,27294,6
c0033,27316,5
c0033,27332,3
c0033,27359,0
c0033,27375,1
c0033,27391,0
c0033,27413,5
c0033,27430,0
c0033,27456,4
c0033,27472,1
c0033,27499,1
c0033,27510,2
c0033,27537,1
c0033,27553,1
c0033,27570,1
c0033,27596,1
c0033,27618,3
c0033,27634,8
c0033,27650,8
c0033,27677,0
c0033,27693,0
c0033,27715,1
c0033,27731,1
c0033,27758,1
c0033,27774,0
c0033,27790,4
c0033,27812,2
c0033,27839,7
c0033,27855,286
c0033,27871,2
c0033,27898,4
c0033,27910,1
c0033,27936,6
c0033,27952,0
c0033,27979,0
c0033,27995,11
c0033,28010,3
c0033,28037,5
c0033,28053,4
c0033,28070,0
c0033,28096,2
c0033,28118,0
c0033,28134,4
c0033,28150,0
c0033,28177,1
c0033,28193,0
c0033,28215,0
c0033,28231,0
c0033,28258,16
c0033,28274,2
c0033,28290,0
c0033,28312,2
c0033,28339,2
c0033,28355,0
c0033,28371,5
c0033,28398,0
c0033,28410,2
c0033,28436,1
c0033,28452,2
c0033,28479,1
c0033,28495,2
c0033,28517,1
c0033,28533,11
c0033,28550,1
c0033,28576,1
c0033,28592,1
c0033,28614,1
c0033,28630,0
c0033,28657,1
c0033,28673,0
c0033,28690,3
c0033,28711,3
c0033,28738,0
c0033,28754,6
c0033,28770,3
c0033,28797,1
c0033,28819,6
c0033,28835,1
c0033,28851,23
c0033,28878,3
c0033,28894,4
c0033,28916,0
c0033,28932,5
c0034,27006,14
c0034,27014,16
c0034,27022,25
c0034,27030,11
c0034,27049,1
c0034,27057,94
c0034,27065,0
c0034,27073,102
c0034,27081,18
c0034,27090,7
c0034,27111,13
c0034,27138,3
c0034,27154,1
c0034,27170,1
c0034,27197,13
c0034,27219,4
c0034,27235,6
c0034,27251,27
c0034,27278,7
c0034,27294,1
c0034,27316,103
c0034,27332,8
c0034,27359,0
c0034,27375,2
c0034,27391,4
c0034,27413,8
c0034,27430,2
c0034,27456,6
c0034,27472,84
c0034,27499,0
c0034,27510,41
c0034,27537,0
c0034,27553,3
c0034,27570,12
c0034,27596,3
c0034,27618,23
c0034,27634,4
c0034,27650,51
c0034,27677,1
c0034,27693,5
c0034,27715,4
c0034,27731,0
c0034,27758,18
c0034,27774,2
c0034,27790,6
c0034,27812,3
c0034,27839,2
c0034,27855,2182
c0034,27871,2
c0034,27898,16
c0034,27910,1
c0034,27936,50
c0034,27952,5
c0034,27979,4
c0034,27995,57
c0034,28010,6
c0034,28037,4
c0034,28053,0
c0034,28070,0
c0034,28096,9
c0034,28118,6
c0034,28134,13
c0034,28150,1
c0034,28177,0
c0034,28193,1
c0034,28215,5
c0034,28231,0
c0034,28258,30
c0034,28274,30
c0034,28290,1
c0034,28312,2
c0034,28339,30
c0034,28355,1
c0034,28371,48
c0034,28398,0
c0034,28410,18
c0034,28436,31
c0034,28452,21
c0034,28479,9
c0034,28495,2
c0034,28517,4
c0034,28533,71
c0034,28550,1
c0034,28576,12
c0034,28592,39
c0034,28614,8
c0034,28630,2
c0034,28657,4
c0034,28673,18
c0034,28690,8
c0034,28711,27
c0034,28738,5
c0034,28754,8
c0034,28770,14
c0034,28797,3
c0034,28819,10
c0034,28835,13
c0034,28851,76
c0034,28878,28
c0034,28894,1
c0034,28916,4
c0034,28932,5
c0035,27006,204
c0035,27014,482
c0035,27022,508
c0035,27030,212
c0035,27049,159
c0035,27057,4036
c0035,27065,104
c0035,27073,808
c0035,27081,78
c0035,27090,203
c0035,27111,136
c0035,27138,111
c0035,27154,230
c0035,27170,31
c0035,27197,373
c0035,27219,893
c0035,27235,49
c0035,27251,414
c0035,27278,500
c0035,27294,67
c0035,27316,800
c0035,27332,147
c0035,27359,33
c0035,27375,139
c0035,27391,94
c0035,27413,399
c0035,27430,54
c0035,27456,250
c0035,27472,1881
c0035,27499,17
c0035,27510,367
c0035,27537,17
c0035,27553,240
c0035,27570,600
c0035,27596,48
c0035,27618,466
c0035,27634,151
c0035,27650,623
c0035,27677,50
c0035,27693,59
c0035,27715,48
c0035,27731,48
c0035,27758,233
c0035,27774,51
c0035,27790,277
c0035,27812,189
c0035,27839,203
c0035,27855,28408
c0035,27871,65
c0035,27898,170
c0035,27910,79
c0035,27936,787
c0035,27952,117
c0035,27979,51
c0035,27995,234
c0035,28010,278
c0035,28037,144
c0035,28053,132
c0035,28070,42
c0035,28096,213
c0035,28118,50
c0035,28134,231
c0035,28150,3326
c0035,28177,32
c0035,28193,18
c0035,28215,348
c0035,28231,45
c0035,28258,1718
c0035,28274,191
c0035,28290,84
c0035,28312,59
c0035,28339,1163
c0035,28355,74
c0035,28371,476
c0035,28398,21
c0035,28410,1084
c0035,28436,118
c0035,28452,148
c0035,28479,76
c0035,28495,241
c0035,28517,108
c0035,28533,2001
c0035,28550,78
c0035,28576,124
c0035,28592,330
c0035,28614,222
c0035,28630,46
c0035,28657,75
c0035,28673,236
c0035,28690,277
c0035,28711,1050
c0035,28738,102
c0035,28754,476
c0035,28770,291
c0035,28797,45
c0035,28819,371
c0035,28835,240
c0035,28851,1017
c0035,28878,330
c0035,28894,375
c0035,28916,41
c0035,28932,674
c0036,27006,11
c0036,27014,5
c0036,27022,8
c0036,27030,5
c0036,27049,0
c0036,27057,122
c0036,27065,4
c0036,27073,22
c0036,27081,4
c0036,27090,6
c0036,27111,5
c0036,27138,6
c0036,27154,2
c0036,27170,0
c0036,27197,14
c0036,27219,1
c0036,27235,1
c0036,27251,5
c0036,27278,19
c0036,27294,2
c0036,27316,1
c0036,27332,6
c0036,27359,0
c0036,27375,0
c0036,27391,8
c0036,27413,2
c0036,27430,2
c0036,27456,11
c0036,27472,19
c0036,27499,0
c0036,27510,2
c0036,27537,4
c0036,27553,2
c0036,27570,6
c0036,27596,4
c0036,27618,1
c0036,27634,0
c0036,27650,0
c0036,27677,0
c0036,27693,7
c0036,27715,4
c0036,27731,0
c0036,27758,5
c0036,27774,0
c0036,27790,8
c0036,27812,3
c0036,27839,3
c0036,27855,2696
c0036,27871,5
c0036,27898,22
c0036,27910,1
c0036,27936,60
c0036,27952,5
c0036,27979,2
c0036,27995,0
c0036,28010,9
c0036,28037,9
c0036,28053,1
c0036,28070,0
c0036,28096,14
c0036,28118,2
c0036,28134,9
c0036,28150,1
c0036,28177,0
c0036,28193,0
c0036,28215,2
c0036,28231,1
c0036,28258,22
c0036,28274,4
c0036,28290,1
c0036,28312,2
c0036,28339,42
c0036,28355,10
c0036,28371,11
c0036,28398,0
c0036,28410,11
c0036,28436,2
c0036,28452,1
c0036,28479,6
c0036,28495,4
c0036,28517,2
c0036,28533,82
c0036,28550,0
c0036,28576,1
c0036,28592,11
c0036,28614,5
c0036,28630,0
c0036,28657,5
c0036,28673,5
c0036,28690,6
c0036,28711,26
c0036,28738,9
c0036,28754,3
c0036,28770,24
c0036,28797,0
c0036,28819,1
c0036,28835,2
c0036,28851,16
c0036,28878,9
c0036,28894,4
c0036,28916,3
c0036,28932,10
c0037,27006,30
c0037,27014,27
c0037,27022,18
c0037,27030,14
c0037,27049,9
c0037,27057,519
c0037,27065,6
c0037,27073,60
c0037,27081,12
c0037,27090,27
c0037,27111,10
c0037,27138,13
c0037,27154,6
c0037,27170,1
c0037,27197,116
c0037,27219,16
c0037,27235,2
c0037,27251,27
c0037,27278,38
c0037,27294,2
c0037,27316,12
c0037,27332,12
c0037,27359,11
c0037,27375,3
c0037,27391,6
c0037,27413,17
c0037,27430,24
c0037,27456,68
c0037,27472,116
c0037,27499,5
c0037,27510,22
c0037,27537,3
c0037,27553,5
c0037,27570,13
c0037,27596,6
c0037,27618,52
c0037,27634,28
c0037,27650,18
c0037,27677,5
c0037,27693,5
c0037,27715,11
c0037,27731,0
c0037,27758,20
c0037,27774,3
c0037,27790,11
c0037,27812,37
c0037,27839,27
c0037,27855,4913
c0037,27871,32
c0037,27898,44
c0037,27910,7
c0037,27936,100
c0037,27952,13
c0037,27979,8
c0037,27995,6
c0037,28010,16
c0037,28037,17
c0037,28053,3
c0037,28070,7
c0037,28096,227
c0037,28118,5
c0037,28134,35
c0037,28150,20
c0037,28177,3
c0037,28193,2
c0037,28215,10
c0037,28231,1
c0037,28258,229
c0037,28274,54
c0037,28290,17
c0037,28312,8
c0037,28339,193
c0037,28355,19
c0037,28371,37
c0037,28398,1
c0037,28410,240
c0037,28436,18
c0037,28452,33
c0037,28479,33
c0037,28495,16
c0037,28517,13
c0037,28533,205
c0037,28550,4
c0037,28576,27
c0037,28592,76
c0037,28614,11
c0037,28630,7
c0037,28657,17
c0037,28673,51
c0037,28690,18
c0037,28711,153
c0037,28738,22
c0037,28754,33
c0037,28770,64
c0037,28797,9
c0037,28819,15
c0037,28835,26
c0037,28851,139
c0037,28878,66
c0037,28894,31
c0037,28916,11
c0037,28932,79
c0038,27006,6
c0038,27014,4
c0038,27022,3
c0038,27030,3
c0038,27049,2
c0038,27057,127
c0038,27065,5
c0038,27073,10
c0038,27081,2
c0038,27090,6
c0038,27111,16
c0038,27138,4
c0038,27154,0
c0038,27170,0
c0038,27197,11
c0038,27219,2
c0038,27235,1
c0038,27251,4
c0038,27278,11
c0038,27294,0
c0038,27316,6
c0038,27332,2
c0038,27359,1
c0038,27375,2
c0038,27391,2
c0038,27413,1
c0038,27430,0
c0038,27456,11
c0038,27472,17
c0038,27499,0
c0038,27510,16
c0038,27537,0
c0038,27553,1
c0038,27570,3
c0038,27596,4
c0038,27618,3
c0038,27634,4
c0038,27650,0
c0038,27677,1
c0038,27693,1
c0038,27715,3
c0038,27731,0
c0038,27758,1
c0038,27774,1
c0038,27790,1
c0038,27812,2
c0038,27839,3
c0038,27855,1188
c0038,27871,0
c0038,27898,28
c0038,27910,3
c0038,27936,50
c0038,27952,4
c0038,27979,0
c0038,27995,1
c0038,28010,2
c0038,28037,8
c0038,28053,0
c0038,28070,0
c0038,28096,6
c0038,28118,4
c0038,28134,5
c0038,28150,0
c0038,28177,2
c0038,28193,1
c0038,28215,4
c0038,28231,1
c0038,28258,19
c0038,28274,7
c0038,28290,1
c0038,28312,2
c0038,28339,20
c0038,28355,4
c0038,28371,7
c0038,28398,0
c0038,28410,13
c0038,28436,15
c0038,28452,4
c0038,28479,7
c0038,28495,5
c0038,28517,0
c0038,28533,55
c0038,28550,1
c0038,28576,8
c0038,28592,11
c0038,28614,22
c0038,28630,2
c0038,28657,1
c0038,28673,4
c0038,28690,1
c0038,28711,43
c0038,28738,6
c0038,28754,25
c0038,28770,21
c0038,28797,1
c0038,28819,6
c0038,28835,2
c0038,28851,24
c0038,28878,14
c0038,28894,11
c0038,28916,7
c0038,28932,16
c0039,27006,26
c0039,27014,9
c0039,27022,4
c0039,27030,6
c0039,27049,6
c0039,27057,183
c0039,27065,9
c0039,27073,36
c0039,27081,2
c0039,27090,13
c0039,27111,9
c0039,27138,12
c0039,27154,0
c0039,27170,0
c0039,27197,28
c0039,27219,6
c0039,27235,5
c0039,27251,11
c0039,27278,25
c0039,27294,2
c0039,27316,2
c0039,27332,8
c0039,27359,2
c0039,27375,5
c0039,27391,1
c0039,27413,16
c0039,27430,12
c0039,27456,47
c0039,27472,89
c0039,27499,4
c0039,27510,22
c0039,27537,3
c0039,27553,4
c0039,27570,20
c0039,27596,3
c0039,27618,7
c0039,27634,14
c0039,27650,18
c0039,27677,4
c0039,27693,4
c0039,27715,6
c0039,27731,2
c0039,27758,33
c0039,27774,1
c0039,27790,10
c0039,27812,7
c0039,27839,8
c0039,27855,2345
c0039,27871,1
c0039,27898,30
c0039,27910,6
c0039,27936,83
c0039,27952,10
c0039,27979,1
c0039,27995,3
c0039,28010,26
c0039,28037,12
c0039,28053,0
c0039,28070,0
c0039,28096,16
c0039,28118,15
c0039,28134,14
c0039,28150,56
c0039,28177,1
c0039,28193,0
c0039,28215,2
c0039,28231,4
c0039,28258,39
c0039,28274,5
c0039,28290,5
c0039,28312,9
c0039,28339,47
c0039,28355,6
c0039,28371,20
c0039,28398,1
c0039,28410,25
c0039,28436,3
c0039,28452,30
c0039,28479,14
c0039,28495,18
c0039,28517,4
c0039,28533,85
c0039,28550,2
c0039,28576,13
c0039,28592,50
c0039,28614,5
c0039,28630,4
c0039,28657,22
c0039,28673,8
c0039,28690,28
c0039,28711,74
c0039,28738,14
c0039,28754,16
c0039,28770,24
c0039,28797,1
c0039,28819,8
c0039,28835,18
c0039,28851,90
c0039,28878,24
c0039,28894,4
c0039,28916,0
c0039,28932,20
c0040,27006,5
c0040,27014,2
c0040,27022,0
c0040,27030,1
c0040,27049,0
c0040,27057,47
c0040,27065,1
c0040,27073,3
c0040,27081,0
c0040,27090,4
c0040,27111,2
c0040,27138,1
c0040,27154,0
c0040,27170,0
c0040,27197,2
c0040,27219,3
c0040,27235,1
c0040,27251,2
c0040,27278,7
c0040,27294,1
c0040,27316,3
c0040,27332,2
c0040,27359,0
c0040,27375,2
c0040,27391,0
c0040,27413,5
c0040,27430,0
c0040,27456,17
c0040,27472,11
c0040,27499,0
c0040,27510,6
c0040,27537,3
c0040,27553,0
c0040,27570,4
c0040,27596,0
c0040,27618,14
c0040,27634,29
c0040,27650,2
c0040,27677,0
c0040,27693,0
c0040,27715,0
c0040,27731,0
c0040,27758,3
c0040,27774,1
c0040,27790,15
c0040,27812,3
c0040,27839,3
c0040,27855,604
c0040,27871,1
c0040,27898,12
c0040,27910,1
c0040,27936,12
c0040,27952,0
c0040,27979,0
c0040,27995,0
c0040,28010,0
c0040,28037,1
c0040,28053,0
c0040,28070,1
c0040,28096,1
c0040,28118,1
c0040,28134,2
c0040,28150,0
c0040,28177,1
c0040,28193,0
c0040,28215,0
c0040,28231,0
c0040,28258,5
c0040,28274,0
c0040,28290,1
c0040,28312,2
c0040,28339,1208
c0040,28355,11
c0040,28371,6
c0040,28398,1
c0040,28410,4
c0040,28436,1
c0040,28452,3
c0040,28479,4
c0040,28495,1
c0040,28517,0
c0040,28533,13
c0040,28550,0
c0040,28576,2
c0040,28592,1
c0040,28614,8
c0040,28630,1
c0040,28657,3
c0040,28673,2
c0040,28690,1
c0040,28711,11
c0040,28738,1
c0040,28754,9
c0040,28770,3
c0040,28797,2
c0040,28819,2
c0040,28835,1
c0040,28851,6
c0040,28878,2
c0040,28894,1
c0040,28916,0
c0040,28932,25
c0041,27006,17
c0041,27014,4
c0041,27022,3
c0041,27030,7
c0041,27049,5
c0041,27057,138
c0041,27065,9
c0041,27073,25
c0041,27081,3
c0041,27090,6
c0041,27111,13
c0041,27138,2
c0041,27154,1
c0041,27170,2
c0041,27197,17
c0041,27219,5
c0041,27235,2
c0041,27251,13
c0041,27278,12
c0041,27294,1
c0041,27316,1
c0041,27332,7
c0041,27359,0
c0041,27375,5
c0041,27391,1
c0041,27413,8
c0041,27430,3
c0041,27456,16
c0041,27472,15
c0041,27499,0
c0041,27510,2
c0041,27537,2
c0041,27553,9
c0041,27570,4
c0041,27596,5
c0041,27618,7
c0041,27634,2
c0041,27650,6
c0041,27677,17
c0041,27693,3
c0041,27715,1
c0041,27731,0
c0041,27758,83
c0041,27774,2
c0041,27790,9
c0041,27812,4
c0041,27839,5
c0041,27855,3674
c0041,27871,2
c0041,27898,18
c0041,27910,0
c0041,27936,81
c0041,27952,4
c0041,27979,1
c0041,27995,0
c0041,28010,10
c0041,28037,12
c0041,28053,0
c0041,28070,3
c0041,28096,12
c0041,28118,4
c0041,28134,2
c0041,28150,1
c0041,28177,0
c0041,28193,2
c0041,28215,2
c0041,28231,21
c0041,28258,42
c0041,28274,5
c0041,28290,1
c0041,28312,1
c0041,28339,30
c0041,28355,0
c0041,28371,12
c0041,28398,1
c0041,28410,7
c0041,28436,4
c0041,28452,21
c0041,28479,11
c0041,28495,1
c0041,28517,0
c0041,28533,77
c0041,28550,1
c0041,28576,8
c0041,28592,8
c0041,28614,0
c0041,28630,2
c0041,28657,10
c0041,28673,5
c0041,28690,7
c0041,28711,30
c0041,28738,11
c0041,28754,6
c0041,28770,26
c0041,28797,1
c0041,28819,10
c0041,28835,1
c0041,28851,78
c0041,28878,14
c0041,28894,7
c0041,28916,0
c0041,28932,74
c0042,27006,209
c0042,27014,578
c0042,27022,211
c0042,27030,204
c0042,27049,72
c0042,27057,3115
c0042,27065,209
c0042,27073,435
c0042,27081,72
c0042,27090,181
c0042,27111,200
c0042,27138,119
c0042,27154,69
c0042,27170,18
c0042,27197,317
c0042,27219,779
c0042,27235,67
c0042,27251,292
c0042,27278,425
c0042,27294,92
c0042,27316,146
c0042,27332,145
c0042,27359,63
c0042,27375,63
c0042,27391,66
c0042,27413,460
c0042,27430,94
c0042,27456,568
c0042,27472,1603
c0042,27499,41
c0042,27510,241
c0042,27537,29
c0042,27553,136
c0042,27570,427
c0042,27596,65
c0042,27618,390
c0042,27634,104
c0042,27650,837
c0042,27677,69
c0042,27693,31
c0042,27715,63
c0042,27731,29
c0042,27758,262
c0042,27774,51
c0042,27790,234
c0042,27812,210
c0042,27839,214
c0042,27855,32356
c0042,27871,68
c0042,27898,372
c0042,27910,50
c0042,27936,1139
c0042,27952,124
c0042,27979,67
c0042,27995,217
c0042,28010,137
c0042,28037,201
c0042,28053,33
c0042,28070,15
c0042,28096,213
c0042,28118,69
c0042,28134,207
c0042,28150,2273
c0042,28177,28
c0042,28193,36
c0042,28215,248
c0042,28231,30
c0042,28258,1235
c0042,28274,198
c0042,28290,108
c0042,28312,61
c0042,28339,711
c0042,28355,105
c0042,28371,320
c0042,28398,29
c0042,28410,526
c0042,28436,72
c0042,28452,183
c0042,28479,87
c0042,28495,194
c0042,28517,92
c0042,28533,1452
c0042,28550,30
c0042,28576,123
c0042,28592,360
c0042,28614,215
c0042,28630,51
c0042,28657,198
c0042,28673,233
c0042,28690,243
c0042,28711,893
c0042,28738,111
c0042,28754,356
c0042,28770,474
c0042,28797,68
c0042,28819,214
c0042,28835,187
c0042,28851,1133
c0042,28878,293
c0042,28894,424
c0042,28916,41
c0042,28932,605
c0043,27006,1
c0043,27014,0
c0043,27022,0
c0043,27030,0
c0043,27049,0
c0043,27057,10
c0043,27065,0
c0043,27073,2
c0043,27081,0
c0043,27090,0
c0043,27111,0
c0043,27138,0
c0043,27154,0
c0043,27170,0
c0043,27197,0
c0043,27219,1
c0043,27235,0
c0043,27251,0
c0043,27278,0
c0043,27294,0
c0043,27316,0
c0043,27332,0
c0043,27359,0
c0043,27375,0
c0043,27391,0
c0043,27413,0
c0043,27430,0
c0043,27456,0
c0043,27472,0
c0043,27499,0
c0043,27510,0
c0043,27537,0
c0043,27553,1
c0043,27570,0
c0043,27596,0
c0043,27618,0
c0043,27634,0
c0043,27650,0
c0043,27677,0
c0043,27693,0
c0043,27715,0
c0043,27731,0
c0043,27758,0
c0043,27774,0
c0043,27790,0
c0043,27812,0
c0043,27839,0
c0043,27855,31
c0043,27871,0
c0043,27898,0
c0043,27910,0
c0043,27936,3
c0043,27952,0
c0043,27979,0
c0043,27995,0
c0043,28010,0
c0043,28037,2
c0043,28053,0
c0043,28070,0
c0043,28096,163
c0043,28118,0
c0043,28134,0
c0043,28150,0
c0043,28177,0
c0043,28193,0
c0043,28215,0
c0043,28231,0
c0043,28258,0
c0043,28274,0
c0043,28290,0
c0043,28312,0
c0043,28339,0
c0043,28355,0
c0043,28371,0
c0043,28398,0
c0043,28410,0
c0043,28436,0
c0043,28452,0
c0043,28479,0
c0043,28495,0
c0043,28517,0
c0043,28533,1
c0043,28550,0
c0043,28576,0
c0043,28592,0
c0043,28614,1
c0043,28630,0
c0043,28657,0
c0043,28673,0
c0043,28690,0
c0043,28711,1
c0043,28738,0
c0043,28754,0
c0043,28770,1
c0043,28797,0
c0043,28819,1
c0043,28835,0
c0043,28851,1
c0043,28878,0
c0043,28894,2
c0043,28916,1
c0043,28932,0
c0044,27006,0
c0044,27014,1
c0044,27022,0
c0044,27030,1
c0044,27049,1
c0044,27057,6
c0044,27065,3
c0044,27073,7
c0044,27081,1
c0044,27090,0
c0044,27111,2
c0044,27138,0
c0044,27154,0
c0044,27170,0
c0044,27197,1
c0044,27219,0
c0044,27235,1
c0044,27251,0
c0044,27278,0
c0044,27294,0
c0044,27316,0
c0044,27332,2
c0044,27359,0
c0044,27375,0
c0044,27391,0
c0044,27413,0
c0044,27430,1
c0044,27456,4
c0044,27472,9
c0044,27499,0
c0044,27510,0
c0044,27537,0
c0044,27553,16
c0044,27570,0
c0044,27596,1
c0044,27618,0
c0044,27634,1
c0044,27650,0
c0044,27677,0
c0044,27693,0
c0044,27715,0
c0044,27731,0
c0044,27758,0
c0044,27774,0
c0044,27790,0
c0044,27812,0
c0044,27839,0
c0044,27855,536
c0044,27871,0
c0044,27898,3
c0044,27910,0
c0044,27936,9
c0044,27952,1
c0044,27979,0
c0044,27995,1
c0044,28010,1
c0044,28037,1
c0044,28053,0
c0044,28070,0
c0044,28096,0
c0044,28118,0
c0044,28134,7
c0044,28150,1
c0044,28177,0
c0044,28193,0
c0044,28215,0
c0044,28231,0
c0044,28258,1
c0044,28274,1
c0044,28290,0
c0044,28312,0
c0044,28339,3
c0044,28355,0
c0044,28371,4
c0044,28398,0
c0044,28410,2
c0044,28436,0
c0044,28452,5
c0044,28479,0
c0044,28495,5
c0044,28517,1
c0044,28533,25
c0044,28550,0
c0044,28576,2
c0044,28592,0
c0044,28614,0
c0044,28630,0
c0044,28657,1
c0044,28673,1
c0044,28690,3
c0044,28711,2
c0044,28738,0
c0044,28754,1
c0044,28770,3
c0044,28797,1
c0044,28819,0
c0044,28835,0
c0044,28851,4
c0044,28878,3
c0044,28894,0
c0044,28916,0
c0044,28932,1
c0045,27650,3738
c0046,27472,4902
c0047,28274,51
c0048,27855,8905
c0049,28150,2940
c0050,27570,823
c0051,27316,2583
c0052,28851,749
c0053,27073,147
c0054,28134,65
c0055,28150,3267
c0056,27022,2401
c0057,28274,457
c0058,28010,307
c0059,28673,124
c0060,27316,4384
c0061,27073,340
c0062,27251,511
c0063,27650,917
c0064,28533,329
c0065,27472,4932
c0066,27006,3984
c0066,27014,9295
c0066,27022,5663
c0066,27030,6234
c0066,27049,6284
c0066,27057,59431
c0066,27065,3064
c0066,27073,13894
c0066,27081,2685
c0066,27090,5358
c0066,27111,2739
c0066,27138,6244
c0066,27154,2442
c0066,27170,3192
c0066,27197,7789
c0066,27219,4230
c0066,27235,4189
c0066,27251,6482
c0066,27278,11834
c0066,27294,5082
c0066,27316,7512
c0066,27332,5477
c0066,27359,3945
c0066,27375,3193
c0066,27391,5049
c0066,27413,5517
c0066,27430,2367
c0066,27456,13124
c0066,27472,22645
c0066,27499,4778
c0066,27510,9890
c0066,27537,1629
c0066,27553,3001
c0066,27570,15297
c0066,27596,4787
c0066,27618,10652
c0066,27634,9392
c0066,27650,7310
c0066,27677,2829
c0066,27693,2904
c0066,27715,2426
c0066,27731,2843
c0066,27758,7065
c0066,27774,1899
c0066,27790,9073
c0066,27812,8047
c0066,27839,10502
c0066,27855,195714
c0066,27871,7253
c0066,27898,6966
c0066,27910,4282
c0066,27936,13719
c0066,27952,4974
c0066,27979,1942
c0066,27995,9432
c0066,28010,5531
c0066,28037,5776
c0066,28053,2486
c0066,28070,3008
c0066,28096,8770
c0066,28118,3437
c0066,28134,7204
c0066,28150,4522
c0066,28177,2689
c0066,28193,5042
c0066,28215,5283
c0066,28231,2442
c0066,28258,24549
c0066,28274,9991
c0066,28290,5249
c0066,28312,3234
c0066,28339,18665
c0066,28355,6621
c0066,28371,10993
c0066,28398,1364
c0066,28410,10900
c0066,28436,6285
c0066,28452,6865
c0066,28479,2832
c0066,28495,9354
c0066,28517,5252
c0066,28533,24603
c0066,28550,2381
c0066,28576,3033
c0066,28592,17264
c0066,28614,4696
c0066,28630,3630
c0066,28657,7207
c0066,28673,11182
c0066,28690,8611
c0066,28711,15501
c0066,28738,2718
c0066,28754,13823
c0066,28770,4732
c0066,28797,3014
c0066,28819,7510
c0066,28835,9935
c0066,28851,19983
c0066,28878,9441
c0066,28894,11172
c0066,28916,5175
c0066,28932,12651
c0067,27006,3742
c0067,27014,9400
c0067,27022,5771
c0067,27030,6166
c0067,27049,6374
c0067,27057,61009
c0067,27065,2832
c0067,27073,13340
c0067,27081,2695
c0067,27090,5155
c0067,27111,2699
c0067,27138,6393
c0067,27154,2406
c0067,27170,3113
c0067,27197,7724
c0067,27219,4041
c0067,27235,4147
c0067,27251,6416
c0067,27278,11486
c0067,27294,5048
c0067,27316,7473
c0067,27332,5228
c0067,27359,3888
c0067,27375,3126
c0067,27391,5033
c0067,27413,5286
c0067,27430,2270
c0067,27456,12675
c0067,27472,22688
c0067,27499,4705
c0067,27510,10346
c0067,27537,1597
c0067,27553,2795
c0067,27570,15744
c0067,27596,4916
c0067,27618,10837
c0067,27634,9594
c0067,27650,7228
c0067,27677,2788
c0067,27693,2722
c0067,27715,2300
c0067,27731,2802
c0067,27758,6755
c0067,27774,1756
c0067,27790,9065
c0067,27812,8000
c0067,27839,10488
c0067,27855,204887
c0067,27871,7106
c0067,27898,6924
c0067,27910,4326
c0067,27936,13267
c0067,27952,4770
c0067,27979,1871
c0067,27995,9251
c0067,28010,5615
c0067,28037,5542
c0067,28053,2489
c0067,28070,3086
c0067,28096,8202
c0067,28118,3065
c0067,28134,7232
c0067,28150,4553
c0067,28177,2637
c0067,28193,5074
c0067,28215,5393
c0067,28231,2354
c0067,28258,23869
c0067,28274,9656
c0067,28290,5016
c0067,28312,3059
c0067,28339,18554
c0067,28355,6131
c0067,28371,11002
c0067,28398,1261
c0067,28410,11134
c0067,28436,6302
c0067,28452,6616
c0067,28479,2725
c0067,28495,9211
c0067,28517,5173
c0067,28533,24037
c0067,28550,2250
c0067,28576,2859
c0067,28592,17056
c0067,28614,4843
c0067,28630,3478
c0067,28657,7030
c0067,28673,11431
c0067,28690,8389
c0067,28711,15449
c0067,28738,2648
c0067,28754,13701
c0067,28770,4646
c0067,28797,3053
c0067,28819,7751
c0067,28835,9934
c0067,28851,19944
c0067,28878,9237
c0067,28894,11494
c0067,28916,5282
c0067,28932,12904
c0068,27499,270
c0069,27057,124
c0070,28010,10
c0071,28711,2
c0072,28711,52
c0073,28711,29
c0074,28711,146
c0075,28711,18
c0076,28711,18
c0077,28711,105
c0078,28711,80
c0079,28711,0
c0080,28711,21
c0081,28711,12
c0082,28711,10
c0083,28711,18
c0084,28711,11
c0085,28711,106
c0086,28711,13
c0087,28711,12
c0088,27057,523
c0089,28258,75
c0090,28258,49
c0091,28258,465
c0092,28258,23
c0093,28258,954
c0094,28258,358
c0095,28258,63
c0096,28258,28
c0097,28258,53
c0098,28258,17
c0099,28258,393
c0100,28258,286
c0101,28258,41
c0102,28258,8
c0103,27472,298
c0104,27251,243
c0105,27251,87
c0106,28258,54
c0107,28592,102
c0108,27251,5
c0109,27251,0
c0110,28339,12
c0111,27472,874
c0112,27472,608
c0113,27472,1037
c0114,28150,300
c0115,28150,298
c0116,27278,22
c0117,27219,43
c0118,27219,10
c0119,27219,1
c0120,27219,22
c0121,27219,65
c0122,27219,4
c0123,27219,1
c0124,27219,16
c0125,27219,76
c0126,27219,31
c0127,28878,9
c0128,28878,21
c0129,27855,362
c0130,27855,87
c0131,27855,66
c0132,27855,1691
c0133,27855,848
c0134,27855,100
c0135,27855,473
c0136,27855,63
c0137,27855,128
c0138,27855,888
c0139,27855,38
c0140,27855,36
c0141,27855,121
c0142,27855,524
c0143,27855,305
c0144,27855,94
c0145,27855,95
c0146,27855,516
c0147,27855,480
c0148,27855,124
c0149,27855,356
c0150,27855,662
c0151,27855,814
c0152,27855,225
c0153,27855,303
c0154,27855,1385
c0155,27855,189
c0156,27855,48
c0157,27251,59
c0158,27650,79
c0159,27650,567
c0160,27650,363
c0161,27650,38
c0162,27650,23
c0163,27650,302
c0164,27650,11
c0165,27650,38
c0166,27650,388
c0167,27650,116
c0168,27650,231
c0169,27650,467
c0170,27650,517
c0171,28053,20
c0172,28053,35
c0173,28053,156
c0174,28053,14
c0175,28053,61
c0176,28053,105
c0177,28053,17
c0178,28053,179
c0179,28053,10
c0180,28053,11
c0181,27936,393
c0182,27936,8
c0183,27936,198
c0184,27936,274
c0185,27936,759
c0186,27936,1176
c0187,27936,59
c0188,27936,19
c0189,27936,19
c0190,27936,139
c0191,27936,682
c0192,27936,16
c0193,27936,89
c0194,27936,193
c0195,27936,74
c0196,27936,20
c0197,28436,318
c0198,28436,352
c0199,28150,9
c0200,28150,0
c0201,28150,107
c0202,28150,72
c0203,28150,287
c0204,28150,157
c0205,28150,134
c0206,28150,157
c0207,28150,102
c0208,28150,215
c0209,28150,5
c0210,28150,116
c0211,28010,7
c0212,28010,13
c0213,28010,3
c0214,28010,219
c0215,28010,5
c0216,28010,39
c0217,28010,171
c0218,28010,2
c0219,28010,2
c0220,28010,10
c0221,28010,261
c0222,28010,34
c0223,28010,3
c0224,27057,603
c0225,28410,119
c0226,28452,9
c0227,28452,9
c0228,27855,2419
c0229,27855,99
c0230,28096,459
c0231,27316,19
c0232,27316,32
c0233,27316,0
c0234,27316,2
c0235,27219,384
c0236,27219,213
c0237,27472,377
c0238,27472,19
c0239,27472,75
c0240,27472,56
c0241,27472,42
c0242,27472,57
c0243,27472,113
c0244,27472,302
c0245,28592,28
c0246,28592,30
c0247,28592,28
c0248,27154,264
c0249,27219,318
c0250,27219,389
c0251,28592,180
c0252,27499,204
c0253,27499,341
c0254,27510,309
c0255,27251,401
c0256,27022,200
c0257,27022,282
c0258,27022,7
c0259,27022,126
c0260,27022,152
c0261,27022,8
c0262,27022,207
c0263,27022,23
c0264,27022,6
c0265,27022,3
c0266,27057,9
c0267,27057,372
c0268,27057,136
c0269,27057,81
c0270,27057,36
c0271,27057,75
c0272,27057,48
c0273,27057,28
c0274,27057,43
c0275,27057,10
c0276,27057,13
c0277,27057,475
c0278,27057,25
c0279,27057,23
c0280,27057,40
c0281,27057,54
c0282,27413,186
c0283,27413,74
c0284,27413,51
c0285,27413,23
c0286,27413,42
c0287,27413,22
c0288,27413,89
c0289,27413,27
c0290,27413,87
c0291,28436,390
c0292,28851,19
c0293,28851,10
c0294,28851,52
c0295,28851,12
c0296,28851,20
c0297,28851,18
c0298,28851,17
c0299,28851,147
c0300,27316,12
c0301,27316,227
c0302,27812,8
c0303,27812,5
c0304,28851,14
c0305,28851,14
c0306,27855,4578
c0307,27537,4
c0308,27537,4
c0309,28851,13
c0310,27073,19
c0311,27073,11
c0312,27073,15
c0313,27073,22
c0314,27073,6
c0315,27073,24
c0316,27073,2
c0317,28410,2
c0318,28410,25
c0319,27030,249
c0320,27430,7
c0321,27430,13
c0322,27430,3
c0323,28576,38
c0324,28576,7
c0325,28576,21
c0326,28576,7
c0327,28576,11
c0328,28576,2
c0329,28576,1
c0330,27898,9
c0331,27898,9
c0332,27898,15
c0333,27898,39
c0334,27898,94
c0335,27898,12
c0336,27898,9
c0337,27898,15
c0338,27898,7
c0339,27898,33
c0340,27898,37
c0341,27898,80
c0342,27898,15
c0343,27898,17
c0344,27898,14
c0345,28274,28
c0346,28274,72
c0347,27014,129
c0348,27553,4
c0349,27553,0
c0350,27553,5
c0351,27553,10
c0352,27553,3
c0353,27553,4
c0354,27553,10
c0355,27553,34
c0356,27553,143
c0357,28134,8
c0358,28134,13
c0359,27855,36
c0360,27898,8
c0361,27472,376
c0362,27472,373
c0363,27472,23
c0364,27472,573
c0365,27472,100
c0366,27472,235
c0367,27472,141
c0368,27472,823
c0369,27472,252
c0370,27472,43
c0371,27472,12
c0372,27472,103
c0373,27472,1330
c0374,28150,170
c0375,28150,131
c0376,28150,134
c0377,28150,150
c0378,28150,229
c0379,28150,328
c0380,28150,13
c0381,28150,347
c0382,28150,292
c0383,28150,262
c0384,28410,410
c0385,28410,432
c0386,28410,20
c0387,28410,32
c0388,28410,74
c0389,28410,141
c0390,28410,82
c0391,28410,441
c0392,28410,20
c0393,28410,17
c0394,28410,10
c0395,28410,47
c0396,27855,640
c0397,27855,2759
c0398,27855,973
c0399,27855,693
c0400,27855,2566
c0401,27855,9969
c0402,27855,3025
c0403,27855,439
c0404,27855,1485
c0405,27855,519
c0406,27855,219
c0407,27855,844
c0408,27855,165
c0409,28258,346
c0410,28258,403
c0411,28150,362
c0412,27855,1016
c0413,28711,44
c0414,28711,413
c0415,28576,7
c0416,27413,33
c0417,27499,0
c0418,27499,0
c0419,27499,0
c0420,27499,0
c0421,27499,0
c0422,27499,0
c0423,27499,0
c0424,27898,182
c0425,28339,119
c0426,28339,8
c0427,28339,219
c0428,28339,163
c0429,28339,51
c0430,27855,447
c0431,27855,1751
c0432,27855,793
c0433,27219,52
c0434,27219,590
c0435,27219,104
c0436,27219,293
c0437,27219,118
c0438,27219,59
c0439,27219,498
c0440,27219,2
c0441,27219,449
c0442,27219,592
c0443,27936,1596
c0444,27936,1608
c0445,27812,13
c0446,27812,3
c0447,27812,99
c0448,27812,2
c0449,27812,17
c0450,27812,13
c0451,27812,140
c0452,28592,7
c0453,28592,19
c0454,28592,15
c0455,28592,292
c0456,28592,270
c0457,28592,105
c0458,28592,39
c0459,28592,172
c0460,28592,95
c0461,28592,16
c0462,28592,20
c0463,28592,163
c0464,28576,17
c0465,28576,3
c0466,27022,84
c0467,27022,181
c0468,27154,280
c0469,27936,842
c0470,27936,384
c0471,28010,164
c0472,28010,64
c0473,28258,45
c0474,28258,1539
c0475,28258,476
c0476,28258,320
c0477,28258,22
c0478,28258,257
c0479,28258,944
c0480,28258,63
c0481,28258,95
c0482,28258,59
c0483,28258,29
c0484,28010,25
c0485,28010,31
c0486,27219,42
c0487,27030,9
c0488,27030,21
c0489,27030,43
c0490,27030,153
c0491,27030,35
c0492,27030,15
c0493,27030,22
c0494,27413,0
c0495,27413,0
c0496,27413,0
c0497,27413,8
c0498,27413,0
c0499,27413,3
c0500,28053,80
c0501,28096,29
c0502,28096,33
c0503,28096,176
c0504,28096,24
c0505,28096,473
c0506,28096,336
c0507,28096,7
c0508,28096,8
c0509,28096,983
c0510,28096,416
c0511,28258,301
c0512,28878,103
c0513,28878,23
c0514,28878,16
c0515,28878,32
c0516,27430,9
c0517,27430,4
c0518,27430,3
c0519,28010,1
c0520,28010,5
c0521,28010,28
c0522,28010,5
c0523,28010,1
c0524,28010,28
c0525,28010,3
c0526,28010,8
c0527,28010,8
c0528,28010,0
c0529,28010,10
c0530,27065,136
c0531,27065,1
c0532,27065,4
c0533,27650,193
c0534,27650,722
c0535,28436,39
c0536,28436,306
c0537,28436,145
c0538,28436,166
c0539,28436,470
c0540,28436,27
c0541,28436,290
c0542,28436,495
c0543,28274,80
c0544,28274,10
c0545,27057,129
c0546,27057,40
c0547,27057,145
c0548,27057,214
c0549,27057,13
c0550,27057,5
c0551,27057,267
c0552,27057,1660
c0553,27057,26
c0554,27057,44
c0555,27057,14
c0556,27057,216
c0557,27057,29
c0558,27057,385
c0559,27057,0
c0560,27057,477
c0561,27057,114
c0562,27057,569
c0563,27057,244
c0564,27014,137
c0565,27014,13
c0566,27014,49
c0567,27014,1
c0568,27014,269
c0569,27014,638
c0570,27014,16
c0571,27014,0
c0572,27898,13
c0573,27898,17
c0574,27073,7
c0575,27073,7
c0576,27073,11
c0577,27073,6
c0578,27073,8
c0579,27073,44
c0580,27073,19
c0581,27073,4
c0582,27251,51
c0583,27251,39
c0584,27251,37
c0585,27251,61
c0586,27251,537
c0587,27251,12
c0588,27251,458
c0589,27251,15
c0590,27251,7
c0591,27510,40
c0592,27510,1
c0593,27510,1
c0594,27510,118
c0595,27510,11
c0596,27510,341
c0597,27510,48
c0598,27510,214
c0599,27510,9
c0600,27510,27
c0601,27510,11
c0602,27510,43
c0603,28630,11
c0604,27650,349
c0605,27650,142
c0606,27650,263
c0607,27022,9
c0608,27022,149
c0609,27022,331
c0610,27022,19
c0611,27022,17
c0612,27022,264
c0613,27022,307
c0614,27316,21
c0615,27316,1
c0616,27316,16
c0617,27316,206
c0618,27316,71
c0619,27316,176
c0620,27316,312
c0621,27316,122
c0622,27316,117
c0623,27316,35
c0624,27316,184
c0625,27316,54
c0626,28851,4
c0627,28851,12
c0628,28851,8
c0629,28851,6
c0630,28851,4
c0631,28851,10
c0632,28851,29
c0633,28851,55
c0634,28851,26
c0635,28851,7
c0636,28010,5
c0637,27022,7
c0638,27057,11
c0639,27812,3
c0640,27472,824
c0641,27006,4101
c0641,27014,9576
c0641,27022,6310
c0641,27030,6524
c0641,27049,6859
c0641,27057,60304
c0641,27065,3053
c0641,27073,14076
c0641,27081,2798
c0641,27090,5771
c0641,27111,2858
c0641,27138,6197
c0641,27154,2501
c0641,27170,3116
c0641,27197,7804
c0641,27219,4114
c0641,27235,4073
c0641,27251,6630
c0641,27278,11781
c0641,27294,4622
c0641,27316,8006
c0641,27332,5533
c0641,27359,4217
c0641,27375,3457
c0641,27391,4983
c0641,27413,5409
c0641,27430,2300
c0641,27456,13895
c0641,27472,23510
c0641,27499,4352
c0641,27510,10417
c0641,27537,1653
c0641,27553,2943
c0641,27570,15661
c0641,27596,4702
c0641,27618,10470
c0641,27634,8952
c0641,27650,7926
c0641,27677,3067
c0641,27693,3113
c0641,27715,2992
c0641,27731,2962
c0641,27758,7394
c0641,27774,2027
c0641,27790,8286
c0641,27812,8122
c0641,27839,10464
c0641,27855,203850
c0641,27871,7056
c0641,27898,7431
c0641,27910,4409
c0641,27936,15178
c0641,27952,5141
c0641,27979,1933
c0641,27995,10073
c0641,28010,5701
c0641,28037,5892
c0641,28053,2356
c0641,28070,3332
c0641,28096,8996
c0641,28118,3432
c0641,28134,6905
c0641,28150,4368
c0641,28177,2711
c0641,28193,5213
c0641,28215,5183
c0641,28231,2636
c0641,28258,23887
c0641,28274,9813
c0641,28290,5161
c0641,28312,3368
c0641,28339,18884
c0641,28355,6409
c0641,28371,11359
c0641,28398,1393
c0641,28410,11382
c0641,28436,6344
c0641,28452,6941
c0641,28479,2989
c0641,28495,9542
c0641,28517,5305
c0641,28533,26017
c0641,28550,2463
c0641,28576,2912
c0641,28592,16402
c0641,28614,4749
c0641,28630,3881
c0641,28657,7218
c0641,28673,11832
c0641,28690,7992
c0641,28711,14939
c0641,28738,2743
c0641,28754,13514
c0641,28770,5435
c0641,28797,3097
c0641,28819,8217
c0641,28835,10086
c0641,28851,20994
c0641,28878,9372
c0641,28894,11551
c0641,28916,5297
c0641,28932,12294
