SG_UF,CD_MUNICIPIO,NM_MUNICIPIO,NR_VOTAVEL,DS_TIPO_VOTAVEL,NM_VOTAVEL,SG_PARTIDO,QT_VOTOS,QT_SECOES,QT_APTOS,QT_COMPARECIMENTO
DF,97012,BRASÍLIA,13,Nominal,LULA,PT,675627,6969,2258320,1831396
DF,97012,BRASÍLIA,14,Nominal,RENAN SANTOS,MISSÃO,46714,6969,2258320,1831396
DF,97012,BRASÍLIA,16,Nominal,HERTZ DIAS,PSTU,828,6969,2258320,1831396
DF,97012,BRASÍLIA,21,Nominal,EDMILSON COSTA,PCB,334,6969,2258320,1831396
DF,97012,BRASÍLIA,22,Nominal,FLAVIO BOLSONARO,PL,909616,6969,2258320,1831396
DF,97012,BRASÍLIA,27,Nominal,CLARIANA BARAO,DC,716,6969,2258320,1831396
DF,97012,BRASÍLIA,28,Nominal,LEONARDO AVALANCHE,PRTB,57,6969,2258320,1831396
DF,97012,BRASÍLIA,29,Nominal,RUI COSTA PIMENTA,PCO,382,6969,2258320,1831396
DF,97012,BRASÍLIA,30,Nominal,ZEMA,NOVO,4915,6969,2258320,1831396
DF,97012,BRASÍLIA,35,Nominal,VETERINÁRIO WILSON GRASSI,DEMOCRATA,324,6969,2258320,1831396
DF,97012,BRASÍLIA,55,Nominal,RONALDO CAIADO,PSD,85076,6969,2258320,1831396
DF,97012,BRASÍLIA,70,Nominal,ESCRITOR AUGUSTO CURY,AVANTE,45979,6969,2258320,1831396
DF,97012,BRASÍLIA,80,Nominal,SAMARA,UP,2297,6969,2258320,1831396
DF,97012,BRASÍLIA,95,Branco,Branco,#NULO#,25362,6969,2258320,1831396
DF,97012,BRASÍLIA,96,Nulo,Nulo,#NULO#,33169,6969,2258320,1831396
