cid,pessoa,disp,nome_urna,nome,numero,partido,situacao,tot,nmun,rk,nc,anulados,ue,sq
c0001,g47766,de22,Isaac Piyãko,Isaac da Silva Piyâko,55236,PSD,Suplente,3567,20,38,333,0,Acre,10001601426
c0002,g41449,de22,Joãozinho,João Raimundo Araújo de Melo,13234,PT,Suplente,501,9,136,333,0,Acre,10001635763
c0003,g26312,de22,Joci Aguiar,Maria Jocicleide Lima de Aguiar,13131,PT,Suplente,283,16,168,333,0,Acre,10001635764
c0004,g4056,de22,Idesio,Idesio Luis Franke,13333,PT,Suplente,441,15,141,333,0,Acre,10001635766
c0005,g23339,de22,Adonay,Adonay de Oliveira Brito,13613,PT,Suplente,692,15,114,333,0,Acre,10001635767
c0006,g21793,de22,Carlos Gomes,Carlos Gomes de Sousa,13555,PT,Suplente,629,12,121,333,0,Acre,10001635768
c0007,g38168,de22,Junior Manchineri,Elcio Severino da Silva Filho Manchineri,13456,PT,Suplente,834,16,103,333,0,Acre,10001635769
c0008,g32196,de22,Marcelo Macêdo,Marcelo Castro Macedo,13777,PT,Suplente,1008,19,93,333,0,Acre,10001635770
c0009,g27659,de22,Rosalina,Rosalina de Oliveira Souza,13122,PT,Suplente,170,12,201,333,0,Acre,10001635772
c0010,g42473,de22,Sidilene Lima,Sidilene Silva Lima,13133,PT,Suplente,430,17,143,333,0,Acre,10001635773
c0011,g28884,de22,Daniel Zen,Daniel Queiroz de Sant Ana,13123,PT,Suplente,4880,22,29,333,0,Acre,10001635778
c0012,g13164,de22,Mauro Defeson,Mauro Defeson Barroso Braga,13111,PT,Suplente,554,9,130,333,0,Acre,10001635779
c0013,g24332,de22,Cesário Braga,Cesário Campelo Braga,13013,PT,Suplente,3244,22,44,333,0,Acre,10001635780
c0014,g41560,de22,Fabinho,Fábio de Lima Pereira,13012,PT,Suplente,729,14,110,333,0,Acre,10001635781
c0015,g40702,de22,Maria Vai Com As Outras,Maria de Jesus Cristino da Silva,13444,PT,Suplente,39,5,275,333,0,Acre,10001635782
c0016,g42880,de22,Salim Manasfi,Salim Manasfi da Silva,13500,PT,Suplente,434,11,142,333,0,Acre,10001635783
c0017,g26063,de26,Cleia Serra,Walmicleia Alves Serra Oliveira,13123,PT,Suplente,242,13,109,222,0,Acre,10002544045
c0018,g39399,de26,Iwlly Cavalcante,Iwlly Cristina Cavalcante Silva,13131,PT,Suplente,1152,14,66,222,0,Acre,10002544046
c0019,g37249,de26,Melque Alves,Melquisedeque Alves de Sousa,13012,PT,Suplente,217,15,117,222,0,Acre,10002544048
c0020,g4722,de26,Tiago Mourão,Tiago Vilhebaldo Farias Mourão,13133,PT,Suplente,827,19,75,222,0,Acre,10002544050
c0021,g47037,de26,Siã Kaxinawá,Manoel Kaxinawá,13100,PT,Suplente,1472,11,59,222,0,Acre,10002544051
c0022,g24332,de26,Cesário Braga,Cesario Campelo Braga,13013,PT,Suplente,3878,22,40,222,0,Acre,10002544052
c0023,g37483,de26,Karina Lima,Maria Carina da Silva Soares,13300,PT,Suplente,65,9,166,222,0,Acre,10002544593
c0024,g25932,de26,Edu Queiroz,Francisco Eduardo Meneses de Queiroz,13000,PT,Suplente,300,13,105,222,0,Acre,10002544594
c0025,g47766,de26,Isaac Piyãko,Isaac da Silva Piyâko,13111,PT,Suplente,5292,21,33,222,0,Acre,10002544595
c0026,g793,de26,Padre Antonio Menezes,Antonio Menezes da Silva,13777,PT,Suplente,3123,20,44,222,0,Acre,10002544596
c0027,g13504,de26,Silvania Oliveira,Silvania Oliveira da Silva,13234,PT,Suplente,242,12,109,222,0,Acre,10002544597
c0028,g5106,de26,Professor Manoel,Manoel Batista de Araujo,13690,PT,Suplente,1140,11,67,222,0,Acre,10002544598
c0029,g879,de26,Francimar Fernandes,Francimar Fernandes de Albuquerque,20789,PODE,Não eleito,756,7,78,222,0,Acre,10002553980
c0030,g38621,df22,Ninawa Huni Kui,Ninawa Inu Pereira Nunes Huni Kui,1818,REDE,Não eleito,2794,19,36,128,0,Acre,10001595345
c0031,g3845,df22,Leo de Brito,Leonardo Cunha de Brito,1331,PT,Não eleito,12304,22,14,128,0,Acre,10001613550
c0032,g18480,df22,Henry Nogueira,Henry Antônio Silva Nogueira,1312,PT,Não eleito,1042,20,55,128,0,Acre,10001613551
c0033,g879,df22,Francimar Fernandes,Francimar Fernandes de Albuquerque,1313,PT,Não eleito,3893,22,29,128,0,Acre,10001614195
c0034,g38830,df22,Irení Uchôa,Irení Herculano Uchôa Moura,1314,PT,Não eleito,464,12,71,128,0,Acre,10001614196
c0035,g27034,df22,Maria Santiago,Maria Santiago de Lima,1300,PT,Não eleito,899,17,57,128,0,Acre,10001614198
c0036,g39600,df26,Leidiane Dornelas,Leidiane Dornelas da Silva Oliari,3033,NOVO,Não eleito,178,9,65,87,0,Acre,10002533956
c0037,g41449,df26,Joãozinho,Joao Raimundo Araujo de Melo,6511,PCDOB,Suplente,286,14,56,87,0,Acre,10002538131
c0038,g49185,df26,Neide Lopes,Rosineide Rodrigues Lopes,1312,PT,Suplente,1047,19,41,87,0,Acre,10002538132
c0039,g32748,df26,André Kamai,Andre Kamai da Silva Soares,1313,PT,Suplente,9501,22,17,87,0,Acre,10002538133
c0040,g42473,df26,Sidilene Silva,Sidilene Silva Lima,4300,PV,Suplente,270,12,57,87,0,Acre,10002538354
c0041,g19513,df26,Marinilda Nascimento,Marinilda Jardim do Nascimento,1314,PT,Suplente,116,8,69,87,0,Acre,10002538355
c0042,g2684,df26,Marcio Alecio,Marcio Rodrigo Alecio,1333,PT,Suplente,9579,22,16,87,0,Acre,10002538357
c0043,g38621,df26,Cacique Ninawá Huni Kui,Ninawa Inu Pereira Nunes Huni Kui,1311,PT,Suplente,3256,21,28,87,0,Acre,10002538359
c0044,g36310,gov22,Jorge Viana,Jorge Ney Viana Macedo Neves,13,PT,Não eleito,103265,22,2,7,0,Acre,10001616169
c0045,g21419,pref20,Isaac Lima,Isaac de Souza Lima,13,PT,Eleito,4115,1,1,2,0,Mâncio Lima,10000645733
c0046,g7050,pref20,Pilique,Jesus Sebastian Lopez Cardoso,65,PC do B,Não eleito,749,1,4,5,0,Assis Brasil,10000750117
c0047,g47766,pref20,Isaac Piyako,Isaac da Silva Piyako,55,PSD,Eleito,4521,1,1,3,0,Marechal Thaumaturgo,10000801971
c0048,g25900,pref20,Professora Nágela,Nágela Maria de Figueirédo Silva,13,PT,Não eleito,915,1,3,5,0,Jordão,10000808597
c0049,g28884,pref20,Daniel Zen,Daniel Queiroz de Sant Ana,13,PT,Não eleito,7121,1,5,7,0,Rio Branco,10000848975
c0050,g48929,pref20,Serraria,Lourival Mustafa de Andrade,13,PT,Não eleito,1228,1,3,4,0,Capixaba,10000880701
c0051,g43756,pref20,Professor Jerry,Jerry Correia Marinho,13,PT,Eleito,1583,1,1,5,0,Assis Brasil,10000884961
c0052,g49185,pref20,Neide Lopes,Rosineide Rodrigues Lopes,13,PT,Não eleito,983,1,3,4,0,Epitaciolândia,10000888298
c0053,g35194,pref20,Burica,Francisco Ernilson de Freitas,13,PT,Não eleito,2340,1,2,5,0,Rodrigues Alves,10000890853
c0054,g27957,pref20,Orlando Diniz,Orlando Diniz,13,PT,Não eleito,188,1,5,5,0,Bujari,10001001574
c0055,g13164,pref20,Mauro Defeson,Mauro Defeson Barroso Braga,13,PT,Não eleito,706,1,3,4,0,Feijó,10001049674
c0056,g879,pref20,Francimar Fernandes,Francimar Fernandes de Albuquerque,15,MDB,Não eleito,5716,1,2,4,0,Feijó,10001096190
c0057,g12565,pref20,Bira Vasconcelos,Francisco Ubiracy Machado de Vasconcelos,13,PT,Eleito,3815,1,1,4,0,Xapuri,10001149361
c0058,g8522,pref20,Fernanda Hassem,Fernanda de Souza Hassem Cesar,13,PT,Eleito,7651,1,1,3,0,Brasiléia,10001211015
c0059,g19345,pref20,Carlene de Sá,Carlene de Andrade da Costa Sá,13,PT,Não eleito,3303,1,2,3,0,Marechal Thaumaturgo,10001266206
c0060,g43756,pref24,Jerry Correia,Jerry Correia Marinho,11,PP,Eleito,4378,1,1,2,0,Assis Brasil,10001950171
c0061,g35194,pref24,Burica,Francisco Ernilson de Freitas,20,PODE,Não eleito,3265,1,2,3,0,Rodrigues Alves,10002059237
c0062,g17493,pref24,Erivelton Soares,Erivelton Soares da Cruz,13,PT,Não eleito,3636,1,2,3,0,Xapuri,10002129812
c0063,g23339,pref24,Adonay,Adonay de Oliveira Brito,13,PT,Não eleito,380,1,4,4,0,Senador Guiomard,10002307587
c0064,g25900,pref24,Professora Nagela,Nagela Maria de Figueiredo Silva,20,PODE,Não eleito,1508,1,2,3,0,Jordão,10002371304
c0065,g19190,pref24,Manão Gonçalves,Alsineis José Gonçalves da Silva,13,PT,Não eleito,2509,1,2,2,0,Porto Walter,10002373239
c0066,g37397,pres22t1,Lula,Luiz Inácio Lula da Silva,13,PT,2º turno,129022,22,2,11,0,Acre,280001607829
c0067,g37397,pres22t1,Lula,Luiz Inácio Lula da Silva,13,PT,2º turno,129022,22,1,11,0,Acre,280001607829
c0068,g37397,pres22t1,Lula,Luiz Inácio Lula da Silva,13,PT,2º turno,129022,22,1,11,0,Acre,280001607829
c0069,g37397,pres22t1,Lula,Luiz Inácio Lula da Silva,13,PT,2º turno,129022,22,1,11,0,Acre,280001607829
c0070,g37397,pres22t1,Lula,Luiz Inácio Lula da Silva,13,PT,2º turno,129022,22,1,11,0,Acre,280001607829
c0071,g37397,pres22t1,Lula,Luiz Inácio Lula da Silva,13,PT,2º turno,129022,22,1,11,0,Acre,280001607829
c0072,g37397,pres22t1,Lula,Luiz Inácio Lula da Silva,13,PT,2º turno,129022,22,2,11,0,Acre,280001607829
c0073,g37397,pres22t1,Lula,Luiz Inácio Lula da Silva,13,PT,2º turno,129022,22,2,11,0,Acre,280001607829
c0074,g37397,pres22t1,Lula,Luiz Inácio Lula da Silva,13,PT,2º turno,129022,22,2,11,0,Acre,280001607829
c0075,g37397,pres22t1,Lula,Luiz Inácio Lula da Silva,13,PT,2º turno,129022,22,1,11,0,Acre,280001607829
c0076,g37397,pres22t1,Lula,Luiz Inácio Lula da Silva,13,PT,2º turno,129022,22,1,11,0,Acre,280001607829
c0077,g37397,pres22t1,Lula,Luiz Inácio Lula da Silva,13,PT,2º turno,129022,22,2,11,0,Acre,280001607829
c0078,g37397,pres22t1,Lula,Luiz Inácio Lula da Silva,13,PT,2º turno,129022,22,2,11,0,Acre,280001607829
c0079,g37397,pres22t1,Lula,Luiz Inácio Lula da Silva,13,PT,2º turno,129022,22,1,11,0,Acre,280001607829
c0080,g37397,pres22t1,Lula,Luiz Inácio Lula da Silva,13,PT,2º turno,129022,22,1,11,0,Acre,280001607829
c0081,g37397,pres22t1,Lula,Luiz Inácio Lula da Silva,13,PT,2º turno,129022,22,1,11,0,Acre,280001607829
c0082,g37397,pres22t1,Lula,Luiz Inácio Lula da Silva,13,PT,2º turno,129022,22,1,11,0,Acre,280001607829
c0083,g37397,pres22t1,Lula,Luiz Inácio Lula da Silva,13,PT,2º turno,129022,22,2,11,0,Acre,280001607829
c0084,g37397,pres22t1,Lula,Luiz Inácio Lula da Silva,13,PT,2º turno,129022,22,2,11,0,Acre,280001607829
c0085,g37397,pres22t1,Lula,Luiz Inácio Lula da Silva,13,PT,2º turno,129022,22,1,11,0,Acre,280001607829
c0086,g37397,pres22t1,Lula,Luiz Inácio Lula da Silva,13,PT,2º turno,129022,22,2,11,0,Acre,280001607829
c0087,g37397,pres22t1,Lula,Luiz Inácio Lula da Silva,13,PT,2º turno,129022,22,2,11,0,Acre,280001607829
c0088,g37397,pres22t1,Lula,Luiz Inácio Lula da Silva,13,PT,2º turno,129022,22,2,11,0,Acre,280001607829
c0089,g37397,pres22t1,Lula,Luiz Inácio Lula da Silva,13,PT,2º turno,129022,22,2,11,0,Acre,280001607829
c0090,g37397,pres22t1,Lula,Luiz Inácio Lula da Silva,13,PT,2º turno,129022,22,1,11,0,Acre,280001607829
c0091,g37397,pres22t1,Lula,Luiz Inácio Lula da Silva,13,PT,2º turno,129022,22,2,11,0,Acre,280001607829
c0092,g37397,pres22t1,Lula,Luiz Inácio Lula da Silva,13,PT,2º turno,129022,22,1,11,0,Acre,280001607829
c0093,g37397,pres22t1,Lula,Luiz Inácio Lula da Silva,13,PT,2º turno,129022,22,1,11,0,Acre,280001607829
c0094,g37397,pres22t2,Lula,Luiz Inácio Lula da Silva,13,PT,2º turno,121566,22,2,2,0,Acre,280001607829
c0095,g37397,pres22t2,Lula,Luiz Inácio Lula da Silva,13,PT,2º turno,121566,22,1,2,0,Acre,280001607829
c0096,g37397,pres22t2,Lula,Luiz Inácio Lula da Silva,13,PT,2º turno,121566,22,1,2,0,Acre,280001607829
c0097,g37397,pres22t2,Lula,Luiz Inácio Lula da Silva,13,PT,2º turno,121566,22,2,2,0,Acre,280001607829
c0098,g37397,pres22t2,Lula,Luiz Inácio Lula da Silva,13,PT,2º turno,121566,22,1,2,0,Acre,280001607829
c0099,g37397,pres22t2,Lula,Luiz Inácio Lula da Silva,13,PT,2º turno,121566,22,1,2,0,Acre,280001607829
c0100,g37397,pres22t2,Lula,Luiz Inácio Lula da Silva,13,PT,2º turno,121566,22,2,2,0,Acre,280001607829
c0101,g37397,pres22t2,Lula,Luiz Inácio Lula da Silva,13,PT,2º turno,121566,22,2,2,0,Acre,280001607829
c0102,g37397,pres22t2,Lula,Luiz Inácio Lula da Silva,13,PT,2º turno,121566,22,2,2,0,Acre,280001607829
c0103,g37397,pres22t2,Lula,Luiz Inácio Lula da Silva,13,PT,2º turno,121566,22,1,2,0,Acre,280001607829
c0104,g37397,pres22t2,Lula,Luiz Inácio Lula da Silva,13,PT,2º turno,121566,22,1,2,0,Acre,280001607829
c0105,g37397,pres22t2,Lula,Luiz Inácio Lula da Silva,13,PT,2º turno,121566,22,2,2,0,Acre,280001607829
c0106,g37397,pres22t2,Lula,Luiz Inácio Lula da Silva,13,PT,2º turno,121566,22,2,2,0,Acre,280001607829
c0107,g37397,pres22t2,Lula,Luiz Inácio Lula da Silva,13,PT,2º turno,121566,22,1,2,0,Acre,280001607829
c0108,g37397,pres22t2,Lula,Luiz Inácio Lula da Silva,13,PT,2º turno,121566,22,1,2,0,Acre,280001607829
c0109,g37397,pres22t2,Lula,Luiz Inácio Lula da Silva,13,PT,2º turno,121566,22,1,2,0,Acre,280001607829
c0110,g37397,pres22t2,Lula,Luiz Inácio Lula da Silva,13,PT,2º turno,121566,22,1,2,0,Acre,280001607829
c0111,g37397,pres22t2,Lula,Luiz Inácio Lula da Silva,13,PT,2º turno,121566,22,2,2,0,Acre,280001607829
c0112,g37397,pres22t2,Lula,Luiz Inácio Lula da Silva,13,PT,2º turno,121566,22,2,2,0,Acre,280001607829
c0113,g37397,pres22t2,Lula,Luiz Inácio Lula da Silva,13,PT,2º turno,121566,22,1,2,0,Acre,280001607829
c0114,g37397,pres22t2,Lula,Luiz Inácio Lula da Silva,13,PT,2º turno,121566,22,2,2,0,Acre,280001607829
c0115,g37397,pres22t2,Lula,Luiz Inácio Lula da Silva,13,PT,2º turno,121566,22,2,2,0,Acre,280001607829
c0116,g37397,pres22t2,Lula,Luiz Inácio Lula da Silva,13,PT,2º turno,121566,22,2,2,0,Acre,280001607829
c0117,g37397,pres22t2,Lula,Luiz Inácio Lula da Silva,13,PT,2º turno,121566,22,2,2,0,Acre,280001607829
c0118,g37397,pres22t2,Lula,Luiz Inácio Lula da Silva,13,PT,2º turno,121566,22,1,2,0,Acre,280001607829
c0119,g37397,pres22t2,Lula,Luiz Inácio Lula da Silva,13,PT,2º turno,121566,22,2,2,0,Acre,280001607829
c0120,g37397,pres22t2,Lula,Luiz Inácio Lula da Silva,13,PT,2º turno,121566,22,1,2,0,Acre,280001607829
c0121,g37397,pres22t2,Lula,Luiz Inácio Lula da Silva,13,PT,2º turno,121566,22,1,2,0,Acre,280001607829
c0122,g23598,sen22,Nazaré Araújo,Maria de Nazareth Mello de Araujo Lambert,131,PT,Não eleito,39555,22,5,8,0,Acre,10001643544
c0123,g36310,sen26,Jorge Viana,Jorge Ney Viana Macedo Neves,131,PT,Não eleito,124063,22,3,8,0,Acre,10002536441
c0124,g4621,ver20,Neno do Mercado,José Francisco Nepomucena de Araujo,13002,PT,Não eleito,116,1,285,494,0,Rio Branco,10000747916
c0125,g17034,ver20,Gildo Cesar,Gildo Cesar Rocha Pinto,13789,PT,Não eleito,401,1,113,494,0,Rio Branco,10000747917
c0126,g33193,ver20,Rodrigo Forneck,Rodrigo Cunha Forneck,13131,PT,Não eleito,809,1,57,494,0,Rio Branco,10000747918
c0127,g44189,ver20,Netinho de Luca,Antonio Pereira de Oliveira Neto,13613,PT,Não eleito,211,1,185,494,0,Rio Branco,10000747919
c0128,g48337,ver20,Rafael Lopes,Francisco Rafael Lopes e Silva,13456,PT,Não eleito,90,1,319,494,0,Rio Branco,10000747920
c0129,g2136,ver20,Pelezinho,Petronilo Rodrigues Filho,13369,PT,Não eleito,166,1,225,494,0,Rio Branco,10000747922
c0130,g38787,ver20,Júlia Feitoza,Júlia Feitoza  da Silva Dias,13130,PT,Não eleito,222,1,182,494,0,Rio Branco,10000747923
c0131,g43835,ver20,George da Produção,George Lima dos Santos,13123,PT,Não eleito,144,1,253,494,0,Rio Branco,10000747924
c0132,g40586,ver20,Rita Paro,Maria Rita Paro,13321,PT,Não eleito,424,1,105,494,0,Rio Branco,10000747925
c0133,g9699,ver20,Rose Scalabrin,Rosali Scalabrin,13000,PT,Não eleito,622,1,78,494,0,Rio Branco,10000747926
c0134,g4958,ver20,Roneilson Pinheiro,Roneilson Oliveira Pinheiro,13123,PT,Suplente,349,1,6,121,0,Mâncio Lima,10000770270
c0135,g44591,ver20,Prof Iranir,Iranir Braga da Silva,13013,PT,Suplente,64,1,45,121,0,Mâncio Lima,10000770271
c0136,g2930,ver20,Prof Jean Almeida,Jean de Almeida Figueiredo,13000,PT,Eleito,419,1,2,121,0,Mâncio Lima,10000770272
c0137,g9450,ver20,Renan Costa,Renan da Costa Silva,13012,PT,Eleito,363,1,5,121,0,Mâncio Lima,10000770273
c0138,g50257,ver20,Anavaldo,Pedro Anavaldo Silva de Andrade,13122,PT,Suplente,37,1,63,121,0,Mâncio Lima,10000770274
c0139,g18634,ver20,Joel Puyanawa,Joel Ferreira Lima,13456,PT,Eleito,413,1,3,121,0,Mâncio Lima,10000770275
c0140,g18938,ver20,Jandira Souza,Jandira Pinheiro Souza,13555,PT,Suplente,59,1,49,121,0,Mâncio Lima,10000770276
c0141,g45873,ver20,Nildinho,Antonio Nildson Rocha da Silva,13121,PT,Suplente,98,1,34,121,0,Mâncio Lima,10000770277
c0142,g27562,ver20,Ló do Vander,Herloisia da Silva Ferreira,13789,PT,Suplente,34,1,67,121,0,Mâncio Lima,10000770278
c0143,g44588,ver20,Rivelino Cavalcante,Rivelino Silva Cavalcante,13221,PT,Suplente,113,1,32,121,0,Mâncio Lima,10000770279
c0144,g41279,ver20,Jarisson Lima,Jarisson Lima de Alencar,13900,PT,Suplente,262,1,12,121,0,Mâncio Lima,10000770280
c0145,g34968,ver20,Zaqueu do Loro,Zaqueu Muniz da Silva,13222,PT,Suplente,136,1,27,121,0,Mâncio Lima,10000770281
c0146,g48861,ver20,Celiane Cordeiro,Maria Celiane Cordeiro Fuques,13777,PT,Suplente,6,1,111,121,0,Mâncio Lima,10000770282
c0147,g41415,ver20,Seu Carvalho,Jose Carvalho Mourao,13111,PT,Suplente,83,1,37,121,0,Mâncio Lima,10000770283
c0148,g41958,ver20,Prof Regilene,Regilene Bezerra da Silva,13333,PT,Suplente,40,1,60,121,0,Mâncio Lima,10000770284
c0149,g32558,ver20,Leide,Leidimar Lucas dos Santos Silva,13999,PT,Suplente,5,1,114,121,0,Mâncio Lima,10000770285
c0150,g8782,ver20,Edesio Matos,Edesio Matos dos Santos,13125,PT,Eleito,198,1,9,123,0,Marechal Thaumaturgo,10000788215
c0151,g4441,ver20,João Doliro,João Dolira da Silva,13789,PT,Suplente,43,1,48,123,0,Marechal Thaumaturgo,10000788216
c0152,g12885,ver20,Valmar Calixto,Valmar Calixta da Cunha,13456,PT,Suplente,144,1,20,123,0,Marechal Thaumaturgo,10000788217
c0153,g42661,ver20,Piu Sales,Sebastiao Ferreira da Costa,13999,PT,Suplente,7,1,106,123,0,Marechal Thaumaturgo,10000788218
c0154,g23307,ver20,Adão da Restauração,Antonio Adao Bandeira da Silva,13012,PT,Suplente,10,1,94,123,0,Marechal Thaumaturgo,10000788219
c0155,g20904,ver20,Antonia Melo,Antonia Melo de Amorim,13150,PT,Suplente,8,1,100,123,0,Marechal Thaumaturgo,10000788220
c0156,g13653,ver20,Joice Lopes,Jociete Azevedo Brandão,13699,PT,Suplente,13,1,87,123,0,Marechal Thaumaturgo,10000788222
c0157,g3012,ver20,Amadeuzim,Amadeu Vieira da Silva Filho,13000,PT,Suplente,88,1,30,123,0,Marechal Thaumaturgo,10000788223
c0158,g9869,ver20,Professora Lindalva,Lindalva Soares Martins da Rocha,13555,PT,Suplente,64,1,39,123,0,Marechal Thaumaturgo,10000788225
c0159,g16509,ver20,Professor Nawaibã,Vandete Cerqueira Sereno Kaxinawa,13333,PT,Suplente,137,1,21,123,0,Marechal Thaumaturgo,10000788226
c0160,g6155,ver20,Nildsson Lima,Nildisson Lima de Jesus,13222,PT,Suplente,35,1,57,123,0,Marechal Thaumaturgo,10000788227
c0161,g10286,ver20,Isael Fortunato,Isael Furtunato da Silva,13013,PT,Suplente,98,1,28,123,0,Marechal Thaumaturgo,10000788228
c0162,g26183,ver20,Manuel Marcos,Marcos José Pereira da Silva,13123,PT,Suplente,33,1,45,83,0,Rodrigues Alves,10000799788
c0163,g44743,ver20,Leide Silva,Maria Lidiane Bezerra da Silva,13222,PT,Suplente,48,1,35,83,0,Rodrigues Alves,10000799791
c0164,g26382,ver20,Marcelo Silva,Marcelo Bezerra da Silva,13013,PT,Eleito,462,1,3,83,0,Rodrigues Alves,10000799792
c0165,g22428,ver20,Duda da Praia da Amizade,Maria de Jesus Bezerra do Nascimento,13789,PT,Suplente,52,1,33,83,0,Rodrigues Alves,10000799793
c0166,g18865,ver20,Daiane,Maria Daiane da Silva Nascimento,13213,PT,Suplente,35,1,42,83,0,Rodrigues Alves,10000799794
c0167,g11466,ver20,Vicelio Silva,Vicelio Silva Moreira,13111,PT,Suplente,29,1,48,83,0,Rodrigues Alves,10000799795
c0168,g45654,ver20,Isaias Farias,Isaias da Silva Farias,13122,PT,Suplente,21,1,53,83,0,Rodrigues Alves,10000799796
c0169,g44837,ver20,Auxilene Moura,Maria Auxilene de Sousa Moura Oliveira,13222,PT,Não eleito,53,1,71,132,0,Feijó,10000808584
c0170,g3454,ver20,Zé Carlos Soares,José Carlos Bezerra Sousa,13555,PT,Não eleito,130,1,43,132,0,Feijó,10000808585
c0171,g17227,ver20,Pelé,Benedito Wagner da Silva e Silva,13131,PT,Não eleito,7,1,127,132,0,Feijó,10000808586
c0172,g10033,ver20,Raimundinho Dourado,Raimundo de Souza Dourado,13100,PT,Não eleito,4,1,132,132,0,Feijó,10000808587
c0173,g2297,ver20,Paca,Raimundo Nonato de Oliveira Pereira,13813,PT,Não eleito,18,1,106,132,0,Feijó,10000808588
c0174,g22262,ver20,Mauricio,Mauricio Barroso Braga,13333,PT,Não eleito,132,1,41,132,0,Feijó,10000808589
c0175,g42046,ver20,Grazi Freitas,Graciele de Freitas Araujo,13777,PT,Não eleito,50,1,76,132,0,Feijó,10000808590
c0176,g16606,ver20,Antônio Paula,Jose Francisco Lopes de Moura,13111,PT,Não eleito,60,1,67,132,0,Feijó,10000808591
c0177,g50746,ver20,Pita,Maria da Liberdade Ferreira Daniel,13999,PT,Não eleito,22,1,100,132,0,Feijó,10000808592
c0178,g26472,ver20,Silvana,Silvana Silva da Silva,13400,PT,Não eleito,19,1,103,132,0,Feijó,10000808593
c0179,g15909,ver20,Nonô,Antonio Auricélio Mendes da Silva,13444,PT,Não eleito,16,1,110,132,0,Feijó,10000808594
c0180,g35029,ver20,Fante,Francisco Raimundo da Silva,13000,PT,Não eleito,36,1,86,132,0,Feijó,10000808595
c0181,g43517,ver20,Professor Déda,Jesus de Figueiredo Silva,13123,PT,Suplente,81,1,19,71,0,Jordão,10000808653
c0182,g44722,ver20,Décio Bayma,Decio de Lima Bayma,13333,PT,Suplente,47,1,29,71,0,Jordão,10000808654
c0183,g14652,ver20,Rosaldo,Raimundo Nonato Alves Saraiva,13000,PT,Eleito,121,1,9,71,0,Jordão,10000808655
c0184,g34182,ver20,Pedrinho do Arrocha,Pedro Romildo Oliveira de Souza,13111,PT,Suplente,27,1,40,71,0,Jordão,10000808656
c0185,g9168,ver20,Alda Sena,Alda da Conceição Sena,13221,PT,Suplente,24,1,42,71,0,Jordão,10000808657
c0186,g50202,ver20,Sandra Leão,Sandra Leão de Souza,13444,PT,Suplente,27,1,40,71,0,Jordão,10000808658
c0187,g17915,ver20,Marcelo Brito,Marcelo de Brito Farias,13555,PT,Suplente,17,1,49,71,0,Jordão,10000808659
c0188,g26078,ver20,Sulemi Manicure,Maria Sulemi do Nascimento Cordeiro,13789,PT,Suplente,13,1,55,71,0,Jordão,10000808660
c0189,g7812,ver20,Leudo do Geraldo,Auterleis Nascimento de Almeida,13258,PT,Suplente,33,1,32,64,0,Manoel Urbano,10000809033
c0190,g12884,ver20,Sérgio Garcia,Sergio Silva Garcia,13123,PT,Suplente,161,1,12,64,0,Manoel Urbano,10000809034
c0191,g11252,ver20,Francisco Costa,Francisco Antonio Costa da Silva,13333,PT,Suplente,16,1,45,64,0,Manoel Urbano,10000809036
c0192,g48368,ver20,Zenilda do Peixe,Maria Zenilda Soares Vieira,13111,PT,Suplente,18,1,43,64,0,Manoel Urbano,10000809039
c0193,g41686,ver20,Ananias  Kaxinawá,Ananias Augusto Kaxinawá,13255,PT,Suplente,16,1,45,64,0,Manoel Urbano,10000809040
c0194,g34516,ver20,Célio Vaz,Célio Roberto Vaz Alves,13000,PT,Eleito,265,1,3,64,0,Manoel Urbano,10000809042
c0195,g9589,ver20,Véi Pescador,Jose Aldecir Gomes Ferreira,13555,PT,Suplente,215,1,8,64,0,Manoel Urbano,10000809044
c0196,g22311,ver20,Cosmo Fiésca,Cosmo Gomes Fiésca,40366,PSB,Suplente,101,1,41,130,0,Brasiléia,10000832735
c0197,g25826,ver20,Marinez,Marinez Arcanjo do Nascimento,13222,PT,Suplente,17,1,70,96,0,Capixaba,10000880580
c0198,g42322,ver20,Carlão,Carlos Augusto Morais dos Santos,13000,PT,Suplente,36,1,49,96,0,Capixaba,10000880581
c0199,g25056,ver20,Antonio Gomes do Amaral,Antonio Gomes do Amaral,13333,PT,Suplente,7,1,83,96,0,Capixaba,10000880582
c0200,g48836,ver20,Cida Cobradora,Doracilda Queiroz de Souza,13555,PT,Suplente,33,1,52,96,0,Capixaba,10000880583
c0201,g48532,ver20,Cláudio Feitosa,Claúdio Feitosa do Nascimento,13444,PT,Suplente,41,1,45,96,0,Capixaba,10000880584
c0202,g39600,ver20,Leidiane,Leidiane Dornelas da Silva Oliari,13013,PT,Eleito,80,1,29,96,0,Capixaba,10000880585
c0203,g25952,ver20,Jorge Capoeiro,Jorge Antonio Alves,13500,PT,Suplente,69,1,31,96,0,Capixaba,10000880586
c0204,g38518,ver20,Selma,Selma Regina Martins Caballero,13111,PT,Suplente,0,0,95,96,0,Capixaba,10000880587
c0205,g17713,ver20,Wilson Cabeca Branca,Wilson de Assis e Silva,13460,PT,Suplente,5,1,87,96,0,Capixaba,10000880588
c0206,g39169,ver20,Maria Freteira,Maria Jose Moreira de Souza,13610,PT,Suplente,32,1,54,96,0,Capixaba,10000880589
c0207,g21247,ver20,Alef Correia,Alef da Costa Correia,13013,PT,Suplente,155,1,27,130,0,Brasiléia,10000881227
c0208,g39201,ver20,Edilania Braga,Edilania da Silva Braga,13040,PT,Suplente,94,1,47,130,0,Brasiléia,10000881228
c0209,g48201,ver20,Elenilson Cruz,Elenilson da Silva Santos,13456,PT,Eleito,418,1,2,130,0,Brasiléia,10000881229
c0210,g25932,ver20,Edu,Francisco Eduardo Meneses de Queiroz,13670,PT,Suplente,94,1,47,130,0,Brasiléia,10000881230
c0211,g43598,ver20,João do Sindicato,Joao de Lima Pereira,13113,PT,Suplente,207,1,15,130,0,Brasiléia,10000881231
c0212,g45344,ver20,Jorge da Laura,Lessandro Jorge Andre Lopes,13100,PT,Eleito,352,1,4,130,0,Brasiléia,10000881232
c0213,g34546,ver20,Antônio Francisco,Antônio Francisco Araújo do Nascimento,13123,PT,Suplente,116,1,38,130,0,Brasiléia,10000881233
c0214,g32009,ver20,Deuzimar,Deuzimar Moura de Oliveira,13000,PT,Suplente,149,1,30,130,0,Brasiléia,10000881234
c0215,g29960,ver20,Jose Paes,Jose de Lima Paes,13222,PT,Suplente,23,1,98,130,0,Brasiléia,10000881235
c0216,g26976,ver20,Marcileny Rodrigues,Marcileny Rodrigues Barreto,13613,PT,Suplente,60,1,63,130,0,Brasiléia,10000881236
c0217,g51260,ver20,Lacerda,Raimundo Lacerda da Silva,13555,PT,Suplente,142,1,32,130,0,Brasiléia,10000881237
c0218,g37248,ver20,Rogéria Gondim,Rogéria Gondim da Silva,13130,PT,Suplente,119,1,37,130,0,Brasiléia,10000881238
c0219,g41960,ver20,Tiana Valentin,Sebastiana Maria Valentin dos Santos,13111,PT,Suplente,46,1,72,130,0,Brasiléia,10000881239
c0220,g32749,ver20,Alexandre Xandão,Alexandre da Silva Marciel,13059,PT,Suplente,15,1,105,130,0,Brasiléia,10000881240
c0221,g37958,ver20,Marinete Mesquita,Marinete Mesquita de Castro,13999,PT,Eleito,345,1,5,130,0,Brasiléia,10000881241
c0222,g6123,ver20,Francisco Ribeiro,Francisco Araújo Ribeiro,13333,PT,Suplente,155,1,27,130,0,Brasiléia,10000881242
c0223,g43152,ver20,Francicleia,Francicleia Serpa de Lima,13222,PT,Suplente,15,1,57,78,0,Assis Brasil,10000887659
c0224,g46787,ver20,Jura Pacheco,Juraci Pacheco de Moraes,13123,PT,Eleito,188,1,5,78,0,Assis Brasil,10000887660
c0225,g28997,ver20,Izaias,Izaias Flores Lopes,13613,PT,Suplente,89,1,14,78,0,Assis Brasil,10000887661
c0226,g39272,ver20,Jurandir Freitas,Jurandir Barbosa de Freitas,13333,PT,Suplente,4,1,72,78,0,Assis Brasil,10000887662
c0227,g11545,ver20,Professora Ruth Oliveira,Ruth Ferreira de Oliveira,13456,PT,Suplente,36,1,39,78,0,Assis Brasil,10000887663
c0228,g24612,ver20,Jurandir Araujo,Jurandir Rodrigues de Araujo,13606,PT,Suplente,103,1,12,78,0,Assis Brasil,10000887664
c0229,g24776,ver20,Peleco,Eduardo Marques de Araujo,13130,PT,Eleito,161,1,7,78,0,Assis Brasil,10000887665
c0230,g26461,ver20,Iraci Araujo,Iraci Marques de Araujo,13000,PT,Suplente,64,1,24,78,0,Assis Brasil,10000887666
c0231,g44308,ver20,Manoel Saboia,Manoel Mendonça Saboia,13012,PT,Suplente,18,1,53,78,0,Assis Brasil,10000887667
c0232,g37209,ver20,Professor Emilson Braga,Emilson Rodrigues Braga,13548,PT,Suplente,19,1,51,78,0,Assis Brasil,10000887669
c0233,g37678,ver20,Waldemir Santos,Waldemir Costa dos Santos,13013,PT,Suplente,72,1,22,78,0,Assis Brasil,10000887671
c0234,g12519,ver20,Nildo do Marizinho,Jozinildo Barros dos Santos,13123,PT,Não eleito,15,1,94,122,0,Bujari,10000966049
c0235,g47487,ver20,Edina Belém,Edina Alves Belem,13000,PT,Não eleito,139,1,14,122,0,Bujari,10000966050
c0236,g41029,ver20,Ana Paula,Ana Paula Sena da Silva,13135,PT,Não eleito,12,1,101,122,0,Bujari,10000966052
c0237,g46530,ver20,Leide,Dulceleide Saraiva de Lima,13444,PT,Não eleito,3,1,119,122,0,Bujari,10000966053
c0238,g25044,ver20,Boteco,Francisco Silva de Souza,13456,PT,Não eleito,13,1,100,122,0,Bujari,10000966054
c0239,g25728,ver20,Nadma Araújo,Nadma dos Santos Araujo Rocha,13234,PT,Não eleito,30,1,66,122,0,Bujari,10000966055
c0240,g37445,ver20,Vereador do Povo,Narciso Silva de Sousa,13555,PT,Não eleito,17,1,89,122,0,Bujari,10000966056
c0241,g41740,ver20,Mauri Sergio,Mauri Sergio de França Carneiro,13333,PT,Não eleito,9,1,110,122,0,Bujari,10000966058
c0242,g34038,ver20,João do Maçaranduba,João Lopes Brandão,13111,PT,Não eleito,29,1,69,122,0,Bujari,10000966059
c0243,g18480,ver20,Henry Nogueira,Henry Antonio Silva Nogueira,70777,AVANTE,Não eleito,1020,1,41,494,0,Rio Branco,10000973700
c0244,g40179,ver20,Maria Soares,Maria Soares de Souza Mendes,13888,PT,Suplente,4,1,61,64,0,Manoel Urbano,10001048097
c0245,g8737,ver20,Tucano,Reginaldo da Silva Souza,13810,PT,Suplente,198,1,19,64,0,Xapuri,10001197273
c0246,g23289,ver20,Cecílio,José Cecilio Evangelista de Oliveira,13123,PT,Suplente,201,1,18,64,0,Xapuri,10001197274
c0247,g22662,ver20,Orismar,Orismar Paula Lopes,13555,PT,Suplente,141,1,24,64,0,Xapuri,10001197275
c0248,g31303,ver20,Alarice Botelho,Alarice Botelho Nunes,13333,PT,Eleito,282,1,5,64,0,Xapuri,10001197276
c0249,g21973,ver20,Equi,Sebastião Teles de Andrade,13613,PT,Suplente,213,1,14,64,0,Xapuri,10001197277
c0250,g50766,ver20,Sirlen,Sirlen Ferreira da Silva,13222,PT,Suplente,27,1,51,64,0,Xapuri,10001197278
c0251,g36251,ver20,Aldecir Skillat,Aldecir Moreira de Oliveira,13113,PT,Suplente,176,1,21,64,0,Xapuri,10001197279
c0252,g18638,ver20,Iraide,Iraide Lopes Mendes,13513,PT,Suplente,90,1,36,64,0,Xapuri,10001197280
c0253,g2988,ver20,Boka Aquino,José Maria Barbosa de Aquino,13121,PT,Suplente,132,1,26,64,0,Xapuri,10001197281
c0254,g32272,ver20,Miranda,José Maria da Silva Miranda,13601,PT,Eleito,246,1,9,64,0,Xapuri,10001197282
c0255,g25871,ver20,Madona,Nilcilene Barroso Matos,13135,PT,Suplente,94,1,35,64,0,Xapuri,10001197283
c0256,g37249,ver20,Melque Alves,Melquisedeque Alves de Sousa,14000,PTB,Não eleito,11,1,96,121,0,Porto Acre,10001198427
c0257,g40379,ver20,Ângela do Sindicato,Antônia Ângela Barboza da Silva,13113,PT,Eleito,147,1,12,73,0,Porto Walter,10001209423
c0258,g39394,ver20,Chico Piti,Francisco de Menezes Brito,13133,PT,Suplente,2,1,65,73,0,Porto Walter,10001209424
c0259,g35070,ver20,Chico da Hilda,Francisco Bernardino de Souza,13112,PT,Suplente,46,1,36,73,0,Porto Walter,10001209425
c0260,g12450,ver20,Raline,Raline Souza da Costa,13456,PT,Suplente,72,1,23,73,0,Porto Walter,10001209426
c0261,g24223,ver20,Chico Branco,Francisco Correia de Lima,13000,PT,Suplente,22,1,48,73,0,Porto Walter,10001209427
c0262,g26255,ver20,Arinilton Pinheiro,Arinilton Correia Pinheiro,13123,PT,Suplente,103,1,19,73,0,Porto Walter,10001209428
c0263,g50093,ver20,Antônio do Jurandi,Antônio Gonçalves Pinheiro,13131,PT,Suplente,69,1,24,73,0,Porto Walter,10001209429
c0264,g22234,ver20,Gerson Mirando,Antonio Miranda Lacerda,13789,PT,Suplente,60,1,35,100,0,Plácido de Castro,10001209491
c0265,g43997,ver20,Ico Silva,Antonio Francisco da Silva,13769,PT,Suplente,37,1,50,100,0,Plácido de Castro,10001209492
c0266,g11301,ver20,Izabel Santos,Izabel Santos de Lima,13333,PT,Suplente,55,1,39,100,0,Plácido de Castro,10001209493
c0267,g18694,ver20,Wilton Boiadeiro,Wilton Costa Lima,13999,PT,Suplente,9,1,84,100,0,Plácido de Castro,10001209494
c0268,g11515,ver20,Nete,Ednete Carvalho dos Santos,13222,PT,Suplente,57,1,37,100,0,Plácido de Castro,10001209495
c0269,g9148,ver20,Prof.. Amarilda,Amarilda Benevides da Silva,13456,PT,Suplente,16,1,77,100,0,Plácido de Castro,10001209496
c0270,g19585,ver20,Rogerio Ribeiro,Rogerio Ribeiro do Nascimento,13690,PT,Eleito,626,1,1,100,0,Plácido de Castro,10001209497
c0271,g45052,ver20,Airton Castelo,Airton Oliveira Castelo,13500,PT,Suplente,68,1,35,123,0,Epitaciolândia,10001215812
c0272,g1862,ver20,Flávia Ingrid,Flávia Ingrid da Silva,13400,PT,Suplente,4,1,114,123,0,Epitaciolândia,10001215813
c0273,g2502,ver20,Messias Lopes,Manoel Messias Rodrigues Lopes Urcim,13123,PT,Eleito,382,1,2,123,0,Epitaciolândia,10001215814
c0274,g22639,ver20,Gael Albuquerque,Antônio Jose da Silva Albuquerque,13024,PT,Suplente,4,1,114,123,0,Epitaciolândia,10001215815
c0275,g34064,ver20,Rosimar do Rubicon,Rosimar Menezes  de Castro,13013,PT,Suplente,287,1,5,123,0,Epitaciolândia,10001215816
c0276,g25756,ver20,Vania Mendes,Marivania Tavares Mendes Nascimento,13000,PT,Suplente,124,1,21,123,0,Epitaciolândia,10001215817
c0277,g32109,ver20,Professor Valdecir Aquino,Valdecir Aquino de Andrade,13100,PT,Suplente,6,1,107,123,0,Epitaciolândia,10001215818
c0278,g12659,ver20,Paulo Gari,Joao Paulo Martins,13200,PT,Suplente,5,1,111,123,0,Epitaciolândia,10001215819
c0279,g1566,ver20,Raimundo Coelho,Raimundo Coelho dos Santos,13007,PT,Suplente,6,1,107,123,0,Epitaciolândia,10001215820
c0280,g3803,ver20,Poliana Caldas,Poliana da Silva Caldas,13300,PT,Suplente,4,1,114,123,0,Epitaciolândia,10001215821
c0281,g43766,ver20,Adelson Gonçalves,Adelson Gonçalves dos Santos,13333,PT,Suplente,231,1,8,123,0,Epitaciolândia,10001215822
c0282,g23464,ver20,Egídio Jhones,Egídio Jhones Barros da Silva,17111,PSL,Não eleito,17,1,91,112,0,Senador Guiomard,10001219721
c0283,g35122,ver20,Lucimar Kaxinawa,Lucimar Rodrigues Kaxinawa,13222,PT,Não eleito,0,0,58,58,0,Santa Rosa do Purus,10001248908
c0284,g18460,ver20,Éton,Aldivanea Amorim dos Santos,13111,PT,Não eleito,37,1,86,128,0,Tarauacá,10001251884
c0285,g33661,ver20,Barão,Manoel Rodrigues da Silva,13000,PT,Não eleito,87,1,54,128,0,Tarauacá,10001251886
c0286,g566,ver20,Chagas do Povo,Francisco das Chagas Lima Lopes,13234,PT,Não eleito,82,1,57,128,0,Tarauacá,10001251887
c0287,g34781,ver20,Rosa do Pt,Rosa Maria da Silva Lima,13444,PT,Não eleito,55,1,72,128,0,Tarauacá,10001251888
c0288,g8254,ver20,Julio,Julio de Araujo Alencar,13666,PT,Não eleito,3,1,126,128,0,Tarauacá,10001251889
c0289,g17823,ver20,Priscila,Priscila Sancho da Silva,13145,PT,Não eleito,9,1,116,128,0,Tarauacá,10001251890
c0290,g33564,ver20,Paulo do Ar,Agleilson Paulo Souza da Silva,13222,PT,Não eleito,7,1,120,128,0,Tarauacá,10001251891
c0291,g14777,ver20,Damião,Damião da Silva Nascimento,13654,PT,Não eleito,20,1,101,128,0,Tarauacá,10001251892
c0292,g44920,ver20,Francisco Elivalter,Francisco Elivalter Pereira da Silva,13013,PT,Suplente,0,0,67,73,0,Porto Walter,10001257109
c0293,g46234,ver20,Ana Gomes,Ana Maria Ferreira Gomes,13159,PT,Suplente,1,1,120,123,0,Epitaciolândia,10001268426
c0294,g3493,ver20,Edines,Edines Silva de Araujo,13444,PT,Suplente,12,1,59,78,0,Assis Brasil,10001270634
c0295,g2406,ver20,Silvia Azevedo,Silvia Melo de Azevedo,13789,PT,Suplente,1,1,64,64,0,Manoel Urbano,10001271207
c0296,g34516,ver24,Célio Vaz,Célio Roberto Vaz Alves,44000,UNIÃO,Eleito,286,1,11,44,0,Manoel Urbano,10001907922
c0297,g1068,ver24,Dalmably,Antonio Dalmably Soares Lima,13013,PT,Suplente,15,1,45,66,0,Assis Brasil,10001950264
c0298,g39272,ver24,Jurandir Freitas,Jurandir Barbosa de Freitas,13333,PT,Suplente,23,1,39,66,0,Assis Brasil,10001950265
c0299,g7050,ver24,Pilique,Jesus Sebastian Lopez Cardoso,13000,PT,Eleito,227,1,7,66,0,Assis Brasil,10001950266
c0300,g24612,ver24,Jurandir Araujo,Jurandir Rodrigues de Araujo,13606,PT,Eleito,200,1,9,66,0,Assis Brasil,10001950267
c0301,g43152,ver24,Francicleia,Francicleia Serpa de Lima,13222,PT,Suplente,11,1,51,66,0,Assis Brasil,10001950268
c0302,g18183,ver24,Ivelina Araujo,Ivelina Marques de Araujo Souza,13123,PT,Suplente,112,1,16,66,0,Assis Brasil,10001950270
c0303,g37678,ver24,Waldemir Santos,Waldemir Costa dos Santos,65000,PC do B,Suplente,190,1,10,66,0,Assis Brasil,10001950271
c0304,g21247,ver24,Alef Correia,Alef da Costa Correia,10111,REPUBLICANOS,Suplente,205,1,28,89,0,Brasiléia,10001950653
c0305,g6123,ver24,Francisco Ribeiro,Francisco Araújo Ribeiro,10777,REPUBLICANOS,Suplente,271,1,17,89,0,Brasiléia,10001950654
c0306,g29960,ver24,José Paes,José de Lima Paes,10555,REPUBLICANOS,Suplente,46,1,65,89,0,Brasiléia,10001950655
c0307,g47487,ver24,Edina Belém,Edina Alves Belém,65123,PC do B,Suplente,202,1,14,81,0,Bujari,10001954238
c0308,g37445,ver24,Narciso Vereador do Povo,Narciso Silva de Sousa,13123,PT,Suplente,26,1,62,81,0,Bujari,10001954240
c0309,g4741,ver24,Marzim do Walter Arce,Erismar Lourenço Machado,13013,PT,Suplente,0,0,79,81,0,Bujari,10001954243
c0310,g38892,ver24,Priscila Souza,Priscila Pereira de Souza,13222,PT,Suplente,3,1,76,81,0,Bujari,10001954245
c0311,g32550,ver24,Ilaercio Pica Pau,Ilaercio Monteiro de Souza,13333,PT,Suplente,191,1,17,81,0,Bujari,10001954246
c0312,g32112,ver24,Samia Oliveira,Alequisamias Advincola de Oliveira,13000,PT,Suplente,1,1,78,81,0,Bujari,10001954247
c0313,g13653,ver24,Joice Lopes,Jociete Azevedo Brandão,20000,PODE,Eleito,480,1,4,79,0,Marechal Thaumaturgo,10001958280
c0314,g10286,ver24,Isael Furtunato,Isael Furtunato da Silva,20020,PODE,Suplente,202,1,16,79,0,Marechal Thaumaturgo,10001958284
c0315,g4958,ver24,Roneilson,Roneilson Oliveira Pinheiro,15015,MDB,Eleito,479,1,3,94,0,Mâncio Lima,10001958449
c0316,g26063,ver24,Cleia Serra,Walmicleia Alves Serra Oliveira,13123,PT,Suplente,168,1,156,295,0,Rio Branco,10001984744
c0317,g32748,ver24,André Kamai,André Kamai da Silva Soares,13131,PT,Eleito,2240,1,28,295,0,Rio Branco,10001984745
c0318,g14886,ver24,Camila Cabeça,Camila Cristina Cabeça de Souza Lima,13777,PT,Suplente,437,1,95,295,0,Rio Branco,10001984748
c0319,g21408,ver24,Cleson Lima,José Cleson de Lima,13013,PT,Suplente,225,1,135,295,0,Rio Branco,10001984751
c0320,g13959,ver24,Alexandre Manga,Alexandre Pereira Lima,13000,PT,Suplente,124,1,177,295,0,Rio Branco,10001984753
c0321,g46787,ver24,Jura Pacheco,Juraci Pacheco de Moraes,11123,PP,Eleito,538,1,1,66,0,Assis Brasil,10001987606
c0322,g34064,ver24,Rosimar do Rubicon,Rosimar Menezes de Castro,10222,REPUBLICANOS,Eleito,323,1,7,109,0,Epitaciolândia,10001988194
c0323,g42880,ver24,Salim Manasfi,Salim Manasfi da Silva,15500,MDB,Suplente,232,1,133,295,0,Rio Branco,10001991104
c0324,g12884,ver24,Sergio Garcia,Sergio Silva Garcia,10444,REPUBLICANOS,Não eleito,0,0,38,44,266,Manoel Urbano,10001996379
c0325,g48368,ver24,Zenilda do Peixe,Maria Zenilda Soares Vieira,10111,REPUBLICANOS,Não eleito,0,0,38,44,12,Manoel Urbano,10001996381
c0326,g18634,ver24,Joel Puyanawa,Joel Ferreira Lima Puyanawa,10123,REPUBLICANOS,Eleito,446,1,6,94,0,Mâncio Lima,10001999035
c0327,g2930,ver24,Professor Jean Almeida,Jean de Almeida Figueiredo,20000,PODE,Eleito,518,1,1,94,0,Mâncio Lima,10001999439
c0328,g9589,ver24,Vei Pescador,José Aldecir Gomes Ferreira,15500,MDB,Eleito,352,1,8,44,0,Manoel Urbano,10002003632
c0329,g44144,ver24,Vones Abreu,Vones Abreu Feitoza Almeida,13456,PT,Não eleito,20,1,69,94,0,Mâncio Lima,10002034966
c0330,g3978,ver24,Malucão,Clebson Ramos Campos,13013,PT,Não eleito,30,1,62,94,0,Mâncio Lima,10002034967
c0331,g26382,ver24,Marcelo Silva,Marcelo Bezerra da Silva,25025,PRD,Eleito,682,1,2,93,0,Rodrigues Alves,10002054795
c0332,g34968,ver24,Zaqueu do Louro,Zaqueu Muniz da Silva,55222,PSD,Suplente,322,1,12,94,0,Mâncio Lima,10002072718
c0333,g12885,ver24,Valmar Calixta,Valmar Calixta da Cunha,65456,PC do B,Suplente,150,1,21,79,0,Marechal Thaumaturgo,10002085230
c0334,g40845,ver24,Adilson Luna,Adilson Luna Damasceno,13013,PT,Não eleito,1,1,89,93,0,Rodrigues Alves,10002085940
c0335,g39304,ver24,Raniele Oliveira,Antônia Raniele Oliveira de Souza,13125,PT,Não eleito,1,1,89,93,0,Rodrigues Alves,10002085946
c0336,g45001,ver24,Raimundo Silva,Raimundo Silva Bezerra,13222,PT,Não eleito,24,1,47,93,0,Rodrigues Alves,10002085947
c0337,g27164,ver24,Alvani,José Alvani Lopes,13123,PT,Suplente,73,1,56,89,0,Brasiléia,10002089391
c0338,g20124,ver24,Preto Moto Taxi,Antonio Bento Rodrigues,13000,PT,Suplente,93,1,51,89,0,Brasiléia,10002089392
c0339,g25932,ver24,Edu,Francisco Eduardo Menezes de Queiroz,13456,PT,Suplente,207,1,27,89,0,Brasiléia,10002089393
c0340,g22311,ver24,Cosmo Fiésca,Cosmo Gomes Fiesca,13366,PT,Suplente,76,1,55,89,0,Brasiléia,10002089394
c0341,g4839,ver24,Neide Ferreira,Neide Ferreira de Lima,13133,PT,Suplente,122,1,42,89,0,Brasiléia,10002089395
c0342,g1511,ver24,Zeli do Emiliano,Zeli Lopes Rodrigues,13013,PT,Suplente,41,1,70,89,0,Brasiléia,10002089396
c0343,g43598,ver24,João do Sindicato,Joao de Lima Pereira,13113,PT,Suplente,190,1,30,89,0,Brasiléia,10002089397
c0344,g33510,ver24,Ronco do Porco,Antonio Sampaio Braga,13513,PT,Suplente,47,1,63,89,0,Brasiléia,10002089398
c0345,g26976,ver24,Marcileny,Marcileny Rodrigues Barreto,13613,PT,Suplente,141,1,38,89,0,Brasiléia,10002089399
c0346,g31629,ver24,Beto Dantas,Alberto Dantas Soares Júnior,13333,PT,Eleito,229,1,25,89,0,Brasiléia,10002089402
c0347,g13164,ver24,Mauro,Mauro Defeson Barroso Braga,10111,REPUBLICANOS,Suplente,346,1,12,116,0,Feijó,10002115874
c0348,g29043,ver24,Professor Sena,Jose Francisco Sena de Sousa,13000,PT,Suplente,294,1,24,135,0,Tarauacá,10002143867
c0349,g33661,ver24,Barão,Manoel Rodrigues da Silva,13222,PT,Suplente,38,1,87,135,0,Tarauacá,10002143870
c0350,g34781,ver24,Rosa Neri,Rosa Maria da Silva Lima,13333,PT,Suplente,48,1,75,135,0,Tarauacá,10002143879
c0351,g36251,ver24,Aldecir Skillate,Aldecir Moreira de Oliveira,12777,PDT,Suplente,188,1,23,78,0,Xapuri,10002163835
c0352,g8737,ver24,Tucano,Reginaldo da Silva de Souza,12810,PDT,Eleito,373,1,4,78,0,Xapuri,10002163840
c0353,g27957,ver24,Orlando Diniz,Orlando Diniz,12000,PDT,Suplente,233,1,12,81,0,Bujari,10002174460
c0354,g19585,ver24,Rogerio Ribeiro,Rogerio Ribeiro do Nascimento,11690,PP,Eleito,607,1,1,61,0,Plácido de Castro,10002175293
c0355,g50795,ver24,Raimara Lima,Raimara Lima da Silva,13012,PT,Não eleito,13,1,88,109,0,Epitaciolândia,10002194806
c0356,g20544,ver24,Veronica Rodrigues,Veronica Rodrigues Lopes de Santana,13123,PT,Não eleito,255,1,15,109,0,Epitaciolândia,10002194807
c0357,g25756,ver24,Vania Mendes,Marivania Tavares Mendes Nascimento,13000,PT,Não eleito,128,1,29,109,0,Epitaciolândia,10002194808
c0358,g43766,ver24,Adelson Gonçalves,Adelson Gonçalves dos Santos,13333,PT,Não eleito,24,1,75,109,0,Epitaciolândia,10002194809
c0359,g33117,ver24,Renata Fernandes,Renata Fernandes de Lima Arias,13013,PT,Não eleito,14,1,83,109,0,Epitaciolândia,10002194810
c0360,g38165,ver24,Mundin Facundes,Raimundo Souza dos Santos,13134,PT,Não eleito,15,1,80,109,0,Epitaciolândia,10002194811
c0361,g7953,ver24,Chiquin,Francisco Rodrigues Dias,13131,PT,Não eleito,2,1,107,109,0,Epitaciolândia,10002194812
c0362,g45052,ver24,Airton Castelo,Airton Oliveira Castelo,13500,PT,Não eleito,15,1,80,109,0,Epitaciolândia,10002194813
c0363,g25901,ver24,Eliana Solon,Eliana dos Santos Solon,13197,PT,Não eleito,14,1,83,109,0,Epitaciolândia,10002194814
c0364,g19543,ver24,Jair Florêncio,Jair Florêncio dos Santos,13456,PT,Não eleito,66,1,50,109,0,Epitaciolândia,10002194815
c0365,g31555,ver24,Vanderlei Lima,Vanderlei da Silva Lima,13113,PT,Não eleito,14,1,83,109,0,Epitaciolândia,10002194816
c0366,g29537,ver24,Tainã,Antonia Tainã Oliveira dos Santos Assis,13145,PT,Não eleito,13,1,88,109,0,Epitaciolândia,10002194817
c0367,g35108,ver24,Augusto Melo,Antonio Augusto Ferreira de Melo,13123,PT,Suplente,12,1,40,62,0,Jordão,10002203258
c0368,g22416,ver24,Francisca Kaxinawá,Francisca Sabino Pereira Kaxinawá,13333,PT,Suplente,10,1,46,62,0,Jordão,10002203261
c0369,g14652,ver24,Rosaldo Saraiva,Raimundo Nonato Alves Saraiva,13000,PT,Suplente,104,1,19,62,0,Jordão,10002203262
c0370,g10211,ver24,Bartolomeu Mello,Bartolomeu de Mello Silva,13132,PT,Não eleito,7,1,141,148,0,Cruzeiro do Sul,10002208098
c0371,g27659,ver24,Rosalina,Rosalina de Oliveira Souza,13122,PT,Não eleito,36,1,115,148,0,Cruzeiro do Sul,10002208099
c0372,g21949,ver24,Maria Oliveira,Maria José Marques de Oliveira,13110,PT,Não eleito,8,1,139,148,0,Cruzeiro do Sul,10002208100
c0373,g28929,ver24,Ruberval Pinho,Ruberval da Silva Pinho,13456,PT,Não eleito,71,1,81,148,0,Cruzeiro do Sul,10002208101
c0374,g49743,ver24,Jáder Muniz,Jáder Vanderlei Muniz de Souza,13123,PT,Não eleito,13,1,131,148,0,Cruzeiro do Sul,10002208102
c0375,g12542,ver24,Janete Ponce,Janete Ponce Medeiros,13013,PT,Não eleito,92,1,77,148,0,Cruzeiro do Sul,10002208103
c0376,g44873,ver24,Saimon Caetano,Saimon Muller Caetano Pereira,13134,PT,Não eleito,54,1,93,148,0,Cruzeiro do Sul,10002208104
c0377,g38091,ver24,Ideni Borges,Maria Ideni Borges de Moura,13133,PT,Não eleito,21,1,123,148,0,Cruzeiro do Sul,10002208105
c0378,g5719,ver24,Berlândia,Iberlândia da Silva Sousa,13131,PT,Não eleito,13,1,105,116,0,Feijó,10002237212
c0379,g30687,ver24,Genival Campos,José Genival Campos de Sousa,13123,PT,Não eleito,41,1,78,116,0,Feijó,10002237213
c0380,g40959,ver24,Simone,Simone Abreu da Silva,13456,PT,Não eleito,7,1,110,116,0,Feijó,10002237214
c0381,g41148,ver24,Angela Lima,Angela Maria Moreira Lima,13333,PT,Não eleito,18,1,93,116,0,Feijó,10002237215
c0382,g2297,ver24,Paca,Raimundo Nonato de Oliveira Pereira,13813,PT,Não eleito,5,1,112,116,0,Feijó,10002237216
c0383,g1291,ver24,Donizeti Pedreiro,Francisco Donizeti Monte da Silva,13133,PT,Não eleito,19,1,91,116,0,Feijó,10002237217
c0384,g20873,ver24,Mêrla,Hammerly da Silva Albuquerque,13000,PT,Não eleito,69,1,67,116,0,Feijó,10002237218
c0385,g39098,ver24,Maninho,Damião Chaves Silva,13111,PT,Não eleito,4,1,113,116,0,Feijó,10002237219
c0386,g32009,ver24,Deuzimar Moura,Deuzimar Moura de Oliveira,55456,PSD,Suplente,175,1,33,89,0,Brasiléia,10002257317
c0387,g39600,ver24,Leidiane Dornelas,Leidiane Dornelas da Silva Oliari,77000,SOLIDARIEDADE,Não eleito,115,1,24,69,0,Capixaba,10002265456
c0388,g38960,ver24,Railton Arino,Railton Flores do Nascimento,13613,PT,Não eleito,52,1,53,91,0,Senador Guiomard,10002306997
c0389,g2567,ver24,Rosimeire Pacheco,Rosimeire Pacheco Barbosa,13456,PT,Não eleito,11,1,79,91,0,Senador Guiomard,10002306998
c0390,g36432,ver24,Jaime Corredor,Jaime Ferreira da Silva,13690,PT,Não eleito,14,1,74,91,0,Senador Guiomard,10002306999
c0391,g5990,ver24,Francisco Brasileia,Francisco Salvandir de Oliveira Santana,13513,PT,Não eleito,12,1,76,91,0,Senador Guiomard,10002307000
c0392,g23464,ver24,Egídio Jhones,Egidio Jhones Barros da Silva,13234,PT,Não eleito,12,1,76,91,0,Senador Guiomard,10002307001
c0393,g22109,ver24,Professor Luiz Carlos,Luiz Carlos Pereira da Silva,13131,PT,Não eleito,106,1,40,91,0,Senador Guiomard,10002307002
c0394,g38347,ver24,Professor Raí,Raimundo Ribeiro Claudio,13123,PT,Não eleito,17,1,72,91,0,Senador Guiomard,10002307003
c0395,g20729,ver24,Cleiton,Cleiton da Silva,13218,PT,Não eleito,11,1,79,91,0,Senador Guiomard,10002307004
c0396,g37020,ver24,Dávila,Dávila Maria Rodrigues de Oliveira Moura,13130,PT,Não eleito,16,1,73,91,0,Senador Guiomard,10002307005
c0397,g7586,ver24,Socorro do Naire,Maria do Socorro Alves da Costa,13117,PT,Não eleito,12,1,76,91,0,Senador Guiomard,10002307006
c0398,g40379,ver24,Angela do Sindicato,Antonia Angela Barboza da Silva,13113,PT,Não eleito,189,1,13,59,0,Porto Walter,10002342045
c0399,g25787,ver24,Chico Pedreiro,Francisco Oliveira da Silva,13444,PT,Não eleito,7,1,45,59,0,Porto Walter,10002342046
c0400,g10183,ver24,Gena da Pesca,Geneilson de Souza Oliveira,13456,PT,Não eleito,152,1,17,59,0,Porto Walter,10002342047
c0401,g30725,ver24,Mariano do Osmar,José Mariano Gomes Correia,13111,PT,Não eleito,0,0,58,59,0,Porto Walter,10002342048
c0402,g1798,ver24,Dinelly,Dinelly Freitas de Araujo,13777,PT,Não eleito,5,1,50,59,0,Porto Walter,10002342049
c0403,g26696,ver24,Maria José Nascimento,Maria José Nascimento Ferreira,13445,PT,Não eleito,7,1,45,59,0,Porto Walter,10002342050
c0404,g45344,ver24,Jorge da Laura,Lessandro Jorge André Lopes,44100,UNIÃO,Eleito,577,1,4,89,0,Brasiléia,10002360033
c0405,g48201,ver24,Elenilson Cruz,Elenilson da Silva Santos,44123,UNIÃO,Suplente,398,1,9,89,0,Brasiléia,10002360037
c0406,g29508,ver24,Professora Mira,Elmira Fernandes de Sousa,13567,PT,Não eleito,50,1,51,78,0,Xapuri,10002379478
c0407,g37397,pres26t1,Lula,Luiz Inácio Lula da Silva,13,PT,,134770,22,2,13,0,Acre,
