uf,municipios,lula_2022_2T,lula_2026_1T,saldo,pct_2022_2T,pct_2026_1T,var_pp,mediana_var_pp_municipios
AC,22.0,121566.0,134770.0,13204.0,29.7,28.73,-0.97,-2.05
AL,102.0,976831.0,995459.0,18628.0,58.68,54.73,-3.95,-5.75
AM,62.0,1004991.0,1046996.0,42005.0,51.1,48.23,-2.87,-5.52
AP,16.0,189918.0,212503.0,22585.0,48.64,45.71,-2.93,-6.19
BA,417.0,6097815.0,5664771.0,-433044.0,72.12,66.17,-5.95,-6.34
CE,184.0,3807891.0,3555263.0,-252628.0,69.97,63.28,-6.68,-7.53
DF,1.0,729295.0,675627.0,-53668.0,41.19,38.11,-3.08,-3.08
ES,78.0,926767.0,850028.0,-76739.0,41.96,37.76,-4.2,-4.67
GO,246.0,1542115.0,1188880.0,-353235.0,41.29,31.06,-10.23,-12.4
MA,217.0,2668425.0,2566301.0,-102124.0,71.14,63.99,-7.15,-7.58
MG,853.0,6190960.0,5188936.0,-1002024.0,50.2,43.32,-6.88,-8.0
MS,79.0,599547.0,516855.0,-82692.0,40.51,34.68,-5.83,-6.59
MT,141.0,652786.0,581681.0,-71105.0,34.92,29.18,-5.74,-6.24
PA,144.0,2509084.0,2427237.0,-81847.0,54.75,49.91,-4.84,-5.82
PB,223.0,1601953.0,1541127.0,-60826.0,66.62,61.31,-5.32,-6.29
PE,185.0,3640933.0,3553971.0,-86962.0,66.93,63.45,-3.48,-4.69
PI,224.0,1551383.0,1523710.0,-27673.0,76.86,70.99,-5.87,-6.23
PR,399.0,2506605.0,2054597.0,-452008.0,37.6,31.2,-6.4,-7.64
RJ,92.0,4156217.0,3693021.0,-463196.0,43.47,39.41,-4.06,-5.34
RN,167.0,1326785.0,1237963.0,-88822.0,65.1,59.75,-5.35,-6.41
RO,52.0,262904.0,250667.0,-12237.0,29.34,25.89,-3.45,-4.12
RR,15.0,67128.0,74420.0,7292.0,23.92,22.86,-1.06,-1.7
RS,497.0,2891851.0,2294759.0,-597092.0,43.65,35.73,-7.92,-9.53
SC,295.0,1351918.0,1127168.0,-224750.0,30.73,25.04,-5.69,-7.38
SE,75.0,862951.0,856019.0,-6932.0,67.21,62.75,-4.46,-5.04
SP,645.0,11519882.0,9505413.0,-2014469.0,44.76,38.2,-6.56,-6.93
TO,139.0,434593.0,404009.0,-30584.0,51.36,43.42,-7.94,-8.91
