disp,cd_tse,aptos,comparec,votos,abst,brancos,nulos,validos
de22,6009,3723,3079,3079,644,5,203,2871
de22,6017,6853,5468,5468,1385,21,306,5141
de22,6025,14174,10592,10592,3582,98,852,9642
de22,6033,8266,6254,6254,2012,78,459,5717
de22,6041,7331,5980,5980,1351,21,354,5605
de22,6050,310863,253197,253197,57666,4561,14240,234396
de22,6068,5033,4141,4141,892,13,276,3852
de22,6076,19170,16429,16429,2741,80,712,15637
de22,6084,10111,7584,7584,2527,86,467,7031
de22,6092,21194,14484,14484,6710,407,903,13174
de22,6106,3864,3031,3031,833,16,261,2754
de22,6114,6091,5045,5045,1046,26,446,4573
de22,6122,10170,7785,7785,2385,35,207,7543
de22,6130,28880,21251,21251,7629,256,1144,19851
de22,6157,83260,69619,69619,13641,866,7983,60770
de22,6173,10352,8162,8162,2190,45,292,7825
de26,6009,4022,3313,3313,709,15,160,3138
de26,6017,7523,6262,6262,1261,35,142,6085
de26,6025,15533,12338,12338,3195,102,279,11957
de26,6033,8903,7005,7005,1898,65,316,6624
de26,6041,8881,7354,7354,1527,36,135,7183
de26,6050,321005,270025,270025,50980,4346,8460,257219
de26,6068,6299,5190,5190,1109,17,129,5044
de26,6076,22212,18989,18989,3223,119,503,18367
de26,6084,9907,7118,7118,2789,58,175,6885
de26,6092,24204,17502,17502,6702,445,518,16539
de26,6106,4111,3040,3040,1071,18,110,2912
de26,6114,7861,6260,6260,1601,37,433,5790
de26,6122,10404,8070,8070,2334,36,111,7923
de26,6130,28159,21104,21104,7055,301,1717,19086
de26,6157,85898,73175,73175,12723,979,2045,70151
de26,6173,11437,9274,9274,2163,53,3393,5828
df22,6009,3723,3079,3079,644,11,177,2891
df22,6017,6853,5468,5468,1385,46,525,4897
df22,6025,14174,10592,10592,3582,123,562,9907
df22,6033,8266,6254,6254,2012,84,426,5744
df22,6041,7331,5980,5980,1351,26,227,5727
df22,6050,310863,253197,253197,57666,6246,18110,228841
df22,6068,5033,4141,4141,892,12,211,3918
df22,6076,19170,16429,16429,2741,116,473,15840
df22,6084,10111,7584,7584,2527,98,371,7115
df22,6092,21194,14484,14484,6710,325,599,13560
df22,6106,3864,3031,3031,833,20,187,2824
df22,6114,6091,5045,5045,1046,30,567,4448
df22,6122,10170,7785,7785,2385,48,391,7346
df22,6130,28880,21251,21251,7629,309,1158,19784
df22,6157,83260,69619,69619,13641,1251,3638,64730
df22,6173,10352,8162,8162,2190,56,929,7177
df26,6009,4022,3313,3313,709,23,33,3257
df26,6017,7523,6262,6262,1261,41,62,6159
df26,6025,15533,12338,12338,3195,140,152,12046
df26,6033,8903,7005,7005,1898,93,121,6791
df26,6041,8881,7354,7354,1527,61,60,7233
df26,6050,321005,270025,270025,50980,5514,5525,258986
df26,6068,6299,5190,5190,1109,19,54,5117
df26,6076,22212,18989,18989,3223,145,210,18634
df26,6084,9907,7118,7118,2789,77,75,6966
df26,6092,24204,17502,17502,6702,349,270,16883
df26,6106,4111,3040,3040,1071,19,29,2992
df26,6114,7861,6260,6260,1601,36,79,6145
df26,6122,10404,8070,8070,2334,28,78,7964
df26,6130,28159,21104,21104,7055,245,241,20618
df26,6157,85898,73175,73175,12723,1187,1208,70780
df26,6173,11437,9274,9274,2163,72,93,9109
pref20,6009,3544,3106,3106,438,8,52,3046
pref20,6017,6497,5299,5299,1198,40,136,5123
pref20,6025,13681,10240,10240,3441,101,217,9922
pref20,6033,7615,5990,5990,1625,31,167,5792
pref20,6041,7365,6271,6271,1094,44,133,6094
pref20,6050,292718,217161,217161,75557,5740,26694,184727
pref20,6068,4808,4140,4140,668,7,67,4066
pref20,6076,16178,13662,13662,2516,107,302,13253
pref20,6084,9546,7546,7546,2000,35,184,7327
pref20,6092,19547,12067,12067,7480,146,411,11510
pref20,6106,3778,3057,3057,721,10,35,3012
pref20,6114,5478,4933,4933,545,27,102,4804
pref20,6122,9916,7816,7816,2100,29,189,7598
pref20,6130,28372,20668,20668,7704,328,672,19668
pref20,6157,78332,61999,61999,16333,1277,2172,58550
pref20,6173,9727,8021,8021,1706,36,216,7769
pref24,6009,4308,3675,3675,633,14,39,3622
pref24,6017,7751,6451,6451,1300,30,95,6326
pref24,6025,15844,12534,12534,3310,48,164,12322
pref24,6033,9186,7351,7351,1835,18,130,7203
pref24,6041,9910,8426,8426,1484,81,103,8242
pref24,6050,310818,245919,245919,64899,1586,6051,238282
pref24,6068,6936,6026,6026,910,18,61,5947
pref24,6076,21929,18870,18870,3059,110,268,18492
pref24,6084,11083,8467,8467,2616,57,121,8289
pref24,6092,47174,31358,31358,15816,244,424,30690
pref24,6106,4559,3529,3529,1030,13,55,3461
pref24,6114,8288,7001,7001,1287,39,83,6879
pref24,6122,10747,8438,8438,2309,35,147,8256
pref24,6130,29239,21257,21257,7982,191,431,20635
pref24,6157,84930,69870,69870,15060,2208,2865,64797
pref24,6173,11600,9440,9440,2160,44,171,9225
pres22t1,6009,3723,3079,3079,644,11,29,3039
pres22t1,6017,6853,5468,5468,1385,28,92,5348
pres22t1,6025,14174,10592,10592,3582,66,209,10317
pres22t1,6033,8267,6254,6254,2013,29,97,6128
pres22t1,6041,7331,5980,5980,1351,21,86,5873
pres22t1,6050,311678,253929,253929,57749,2151,4413,247365
pres22t1,6068,5033,4141,4141,892,14,43,4084
pres22t1,6076,19170,16429,16429,2741,63,253,16113
pres22t1,6084,10112,7584,7584,2528,30,121,7433
pres22t1,6092,21205,14492,14492,6713,136,280,14076
pres22t1,6106,3864,3031,3031,833,16,47,2968
pres22t1,6114,6092,5045,5045,1047,27,95,4923
pres22t1,6122,10170,7785,7785,2385,29,141,7615
pres22t1,6130,28880,21251,21251,7629,162,368,20721
pres22t1,6157,83261,69620,69620,13641,464,995,68161
pres22t1,6173,10352,8162,8162,2190,42,123,7997
pres22t2,6009,3723,2369,2369,1354,5,26,2338
pres22t2,6017,6851,4538,4538,2313,28,62,4448
pres22t2,6025,14174,9445,9445,4729,59,154,9232
pres22t2,6033,8266,5271,5271,2995,34,51,5186
pres22t2,6041,7331,4478,4478,2853,31,34,4413
pres22t2,6050,311630,234837,234837,76793,2705,4061,228071
pres22t2,6068,5033,3143,3143,1890,24,27,3092
pres22t2,6076,19171,13690,13690,5481,84,173,13433
pres22t2,6084,10112,6575,6575,3537,52,77,6446
pres22t2,6092,21209,12837,12837,8372,106,137,12594
pres22t2,6106,3864,2611,2611,1253,8,34,2569
pres22t2,6114,6091,4107,4107,1984,26,66,4015
pres22t2,6122,10171,6624,6624,3547,40,84,6500
pres22t2,6130,28886,18952,18952,9934,162,272,18518
pres22t2,6157,83266,64576,64576,18690,621,865,63090
pres22t2,6173,10353,6630,6630,3723,33,77,6520
pres26t1,6009,4022,3313,3313,709,13,35,3265
pres26t1,6017,7523,6262,6262,1261,54,94,6114
pres26t1,6025,15533,12338,12338,3195,90,235,12013
pres26t1,6033,8907,7009,7009,1898,51,88,6870
pres26t1,6041,8881,7354,7354,1527,45,81,7228
pres26t1,6050,321597,270534,270534,51063,2792,4014,263728
pres26t1,6068,6300,5191,5191,1109,34,65,5092
pres26t1,6076,22212,18989,18989,3223,87,249,18653
pres26t1,6084,9909,7119,7119,2790,58,110,6951
pres26t1,6092,24220,17516,17516,6704,204,370,16942
pres26t1,6106,4111,3040,3040,1071,21,48,2971
pres26t1,6114,7861,6260,6260,1601,40,103,6117
pres26t1,6122,10405,8071,8071,2334,38,130,7903
pres26t1,6130,28170,21115,21115,7055,179,380,20556
pres26t1,6157,85900,73177,73177,12723,644,1100,71433
pres26t1,6173,11437,9274,9274,2163,65,170,9039
sen26,6009,4022,3313,6626,709,76,321,6229
sen26,6017,7523,6262,12524,1261,188,636,11700
sen26,6025,15533,12338,24676,3195,523,1558,22595
sen26,6033,8903,7005,14010,1898,293,826,12891
sen26,6041,8881,7354,14708,1527,183,698,13827
sen26,6050,321005,270025,540050,50980,13437,24371,502242
sen26,6068,6299,5190,10380,1109,89,513,9778
sen26,6076,22212,18989,37978,3223,461,1867,35650
sen26,6084,9907,7118,14236,2789,299,737,13200
sen26,6092,24204,17502,35004,6702,1343,2463,31198
sen26,6106,4111,3040,6080,1071,109,302,5669
sen26,6114,7861,6260,12520,1601,175,629,11716
sen26,6122,10404,8070,16140,2334,186,848,15106
sen26,6130,28159,21104,42208,7055,1046,2369,38793
sen26,6157,85898,73175,146350,12723,4073,6933,135344
sen26,6173,11437,9274,18548,2163,275,986,17287
ver20,6009,3544,3106,3106,438,5,102,2999
ver20,6017,6497,5299,5299,1198,34,935,4330
ver20,6025,13681,10240,10240,3441,71,192,9977
ver20,6033,7615,5990,5990,1625,33,91,5866
ver20,6041,7365,6271,6271,1094,18,86,6167
ver20,6050,292718,217161,217161,75557,4699,5428,207034
ver20,6068,4808,4140,4140,668,12,53,4075
ver20,6076,16178,13662,13662,2516,68,341,13253
ver20,6084,9546,7546,7546,2000,32,167,7347
ver20,6092,19547,12067,12067,7480,107,326,11634
ver20,6106,3778,3057,3057,721,9,713,2335
ver20,6114,5478,4933,4933,545,17,96,4820
ver20,6122,9916,7816,7816,2100,26,119,7671
ver20,6130,28372,20668,20668,7704,176,406,20086
ver20,6157,78332,61999,61999,16333,815,1154,60030
ver20,6173,9727,8021,8021,1706,32,83,7906
ver24,6009,4308,3675,3675,633,6,104,3565
ver24,6017,7751,6451,6451,1300,20,67,6364
ver24,6025,15844,12534,12534,3310,50,359,12125
ver24,6033,9186,7351,7351,1835,37,65,7249
ver24,6041,9910,8426,8426,1484,21,69,8336
ver24,6050,310818,245919,245919,64899,3872,4764,237283
ver24,6068,6936,6026,6026,910,9,34,5983
ver24,6076,21929,18870,18870,3059,64,143,18663
ver24,6084,11083,8467,8467,2616,21,77,8369
ver24,6092,24120,16941,16941,7179,150,130,16661
ver24,6106,4559,3529,3529,1030,8,168,3353
ver24,6114,8288,7001,7001,1287,16,149,6836
ver24,6122,10747,8438,8438,2309,12,120,8306
ver24,6130,29239,21257,21257,7982,125,242,20890
ver24,6157,84930,69870,69870,15060,566,714,68590
ver24,6173,11600,9440,9440,2160,24,73,9343
