uf,pessoas,candidaturas,linhas_votos,disputas
AC,281,407,2570,14
AL,503,695,10896,11
AM,718,949,6927,11
AP,135,226,1531,12
BA,5569,7361,93057,17
CE,2760,3812,33458,16
DF,39,107,107,11
ES,697,901,9448,14
GO,1534,1926,42351,15
MA,1691,2159,30023,13
MG,7778,9824,248384,14
MS,943,1260,11010,15
MT,858,1107,14407,12
PA,2348,2950,27689,14
PB,855,1157,29351,12
PE,1777,2386,28330,17
PI,2853,4108,35774,14
PR,3385,4266,86652,14
RJ,1227,1632,25656,15
RN,974,1277,18209,15
RO,485,646,6052,13
RR,69,156,1570,11
RS,4400,5528,109688,16
SC,2498,3064,49810,15
SE,851,1167,9011,14
SP,5416,6917,234893,16
TO,777,1003,15079,14
