candidatura,nome_de_urna,nome_completo,numero,partido,disputa,circunscricao,situacao,votos_validos,municipios_com_votos,posicao,candidatos_na_disputa,votos_anulados
c0001,Lima,Edmilson Rodrigues de Lima,13456,PT,Deputado Distrital 2022,Distrito Federal,Suplente,1536,1,183,578,0
c0002,Professor Garibel,Carlos Antoneto de Souza Lima Montania,13123,PT,Deputado Distrital 2022,Distrito Federal,Suplente,2454,1,137,578,0
c0003,Tuquinha Bessa,Claudio Bessa dos Santos,13023,PT,Deputado Distrital 2022,Distrito Federal,Suplente,1762,1,168,578,0
c0004,Cris do Coletivação,Cristiane Pereira dos Santos,13613,PT,Deputado Distrital 2022,Distrito Federal,Suplente,2083,1,148,578,0
c0005,Fabiano Trompetista,Fabiano e Silva Leitão Duarte,13007,PT,Deputado Distrital 2022,Distrito Federal,Suplente,4460,1,87,578,0
c0006,Fatima Rola,Fatima Lucia Rola,13321,PT,Deputado Distrital 2022,Distrito Federal,Suplente,2180,1,144,578,0
c0007,Gabriel Magno,Gabriel Magno Pereira Cruz,13131,PT,Deputado Distrital 2022,Distrito Federal,Eleito,18063,1,21,578,0
c0008,Coletiva Somos Hellen Frida,Hellen Cristhyan Correia Boaventura,13180,PT,Deputado Distrital 2022,Distrito Federal,Suplente,7626,1,55,578,0
c0009,João Dão Rodoviário,João Jesus de Oliveira,13222,PT,Deputado Distrital 2022,Distrito Federal,Suplente,8802,1,50,578,0
c0010,Prof Lêda Coletive Chão,Lêda Gonçalves de Freitas,13000,PT,Deputado Distrital 2022,Distrito Federal,Suplente,4894,1,77,578,0
c0011,Ricardo Vale,Ricardo Vale da Silva,13013,PT,Deputado Distrital 2022,Distrito Federal,Eleito,17077,1,25,578,0
c0012,Patrício,Sidney da Silva Patrício,13190,PT,Deputado Distrital 2022,Distrito Federal,Não eleito,0,0,572,578,1113
c0013,Thelma Mello,Thelma Regina Vieira de Mello,13061,PT,Deputado Distrital 2022,Distrito Federal,Suplente,2229,1,143,578,0
c0014,Chico Vigilante,Francisco Domingos dos Santos,13100,PT,Deputado Distrital 2022,Distrito Federal,Eleito,43854,1,2,578,0
c0015,Meg Guimaraes,Magnete Barbosa Guimaraes,13130,PT,Deputado Distrital 2022,Distrito Federal,Suplente,3248,1,109,578,0
c0016,Marivaldo Pereira,Marivaldo de Castro Pereira,50050,PSOL,Deputado Distrital 2022,Distrito Federal,Suplente,9412,1,45,578,0
c0017,Chico Vigilante,Francisco Domingos dos Santos,13100,PT,Deputado Distrital 2026,Distrito Federal,Eleito,50046,1,3,415,0
c0018,Dayse Hansa,Dayse de Hansa Nogueira Lima,13056,PT,Deputado Distrital 2026,Distrito Federal,Suplente,636,1,217,415,0
c0019,Fátima Rôla,Fátima Lúcia Rôla,13321,PT,Deputado Distrital 2026,Distrito Federal,Suplente,1312,1,162,415,0
c0020,Laureano de Faria,Laureano de Faria Rodrigues,13193,PT,Deputado Distrital 2026,Distrito Federal,Suplente,380,1,285,415,0
c0021,Profa. Keila Sanches,Keila Lima Sanches,13613,PT,Deputado Distrital 2026,Distrito Federal,Suplente,996,1,190,415,0
c0022,Pardim,Jarbas Campos Pardim,13405,PT,Deputado Distrital 2026,Distrito Federal,Suplente,1078,1,185,415,0
c0023,Fabiano Trompetista,Fabiano e Silva Leitão Duarte,13007,PT,Deputado Distrital 2026,Distrito Federal,Suplente,6244,1,56,415,0
c0024,Ricardo Vale,Ricardo Vale da Silva,13013,PT,Deputado Distrital 2026,Distrito Federal,Eleito,29387,1,15,415,0
c0025,João Favorito,João Vítor de Oliveira Santos,13061,PT,Deputado Distrital 2026,Distrito Federal,Suplente,408,1,275,415,0
c0026,Andrey Lemos,Andrey Roosewelt Chagas Lemos,13012,PT,Deputado Distrital 2026,Distrito Federal,Suplente,1765,1,138,415,0
c0027,Zé do Coco,José Roberto Melo Machado,13123,PT,Deputado Distrital 2026,Distrito Federal,Suplente,1216,1,171,415,0
c0028,Mariana Rosa,Mariana Rosa Moreira dos Santos,13333,PT,Deputado Distrital 2026,Distrito Federal,Suplente,2543,1,104,415,0
c0029,Jacy Afonso,Jacy Afonso de Melo,13001,PT,Deputado Distrital 2026,Distrito Federal,Suplente,7165,1,50,415,0
c0030,Pastora Luzinete,Luzinete Camilo da Silva,13556,PT,Deputado Distrital 2026,Distrito Federal,Suplente,433,1,267,415,0
c0031,Rosi Costa,Rosilene Silva da Costa,13000,PT,Deputado Distrital 2026,Distrito Federal,Suplente,4988,1,65,415,0
c0032,Lúcia Carvalho,Lucia Helena de Carvalho,13111,PT,Deputado Distrital 2026,Distrito Federal,Suplente,2611,1,102,415,0
c0033,Prof. Altaci Kokama,Altaci Correa Rubim,13133,PT,Deputado Distrital 2026,Distrito Federal,Suplente,1852,1,132,415,0
c0034,Gabriel Magno,Gabriel Magno Pereira Cruz,13131,PT,Deputado Distrital 2026,Distrito Federal,Eleito,42331,1,7,415,0
c0035,Daniel Barros,Daniel Henrique Costa de Barros,13197,PT,Deputado Distrital 2026,Distrito Federal,Suplente,633,1,219,415,0
c0036,Ruth Venceremos,Erivan Hilário dos Santos,1361,PT,Deputado Federal 2022,Distrito Federal,Suplente,31538,1,10,197,0
c0037,Vanessa É O Bicho,Vanessa Negrini,1324,PT,Deputado Federal 2022,Distrito Federal,Suplente,10816,1,27,197,0
c0038,Erika Kokay,Erika Jucá Kokay,1331,PT,Deputado Federal 2022,Distrito Federal,Eleito,146092,1,3,197,0
c0039,Policarpo,Roberto Policarpo Fagundes,1313,PT,Deputado Federal 2022,Distrito Federal,Suplente,22608,1,16,197,0
c0040,Marivaldo Pereira,Marivaldo de Castro Pereira,1300,PT,Deputado Federal 2026,Distrito Federal,Suplente,12345,1,29,163,0
c0041,Vanessa É O Bicho,Vanessa Bicho Negrini,1324,PT,Deputado Federal 2026,Distrito Federal,Suplente,9197,1,33,163,0
c0042,Rosilene Corrêa,Rosilene Correa Lima,1333,PT,Deputado Federal 2026,Distrito Federal,Suplente,34253,1,13,163,0
c0043,Ruth Venceremos,Erivan Hilario dos Santos,1361,PT,Deputado Federal 2026,Distrito Federal,Suplente,36117,1,12,163,0
c0044,Márcia Abrahão,Marcia Abrahao Moura,1331,PT,Deputado Federal 2026,Distrito Federal,Suplente,16986,1,23,163,0
c0045,Agnelo Queiroz,Agnelo Santos Queiroz Filho,1310,PT,Deputado Federal 2026,Distrito Federal,Eleito,43542,1,9,163,0
c0046,Policarpo,Roberto Policarpo Fagundes,1313,PT,Deputado Federal 2026,Distrito Federal,Suplente,24563,1,17,163,0
c0047,Leandro Grass,Leandro Antônio Grass Peixoto,43,PV,Governador 2022,Distrito Federal,Não eleito,434587,1,2,10,0
c0048,Leandro Grass,Leandro Antônio Grass Peixoto,13,PT,Governador 2026,Distrito Federal,2º turno,569930,1,2,10,0
c0049,Lula,Luiz Inácio Lula da Silva,13,PT,Presidente 2022 (1º turno),Distrito Federal,2º turno,649534,1,2,11,0
c0050,Lula,Luiz Inácio Lula da Silva,13,PT,Presidente 2022 (1º turno),Distrito Federal,2º turno,649534,1,1,11,0
c0051,Lula,Luiz Inácio Lula da Silva,13,PT,Presidente 2022 (1º turno),Distrito Federal,2º turno,649534,1,1,11,0
c0052,Lula,Luiz Inácio Lula da Silva,13,PT,Presidente 2022 (1º turno),Distrito Federal,2º turno,649534,1,1,11,0
c0053,Lula,Luiz Inácio Lula da Silva,13,PT,Presidente 2022 (1º turno),Distrito Federal,2º turno,649534,1,1,11,0
c0054,Lula,Luiz Inácio Lula da Silva,13,PT,Presidente 2022 (1º turno),Distrito Federal,2º turno,649534,1,1,11,0
c0055,Lula,Luiz Inácio Lula da Silva,13,PT,Presidente 2022 (1º turno),Distrito Federal,2º turno,649534,1,2,11,0
c0056,Lula,Luiz Inácio Lula da Silva,13,PT,Presidente 2022 (1º turno),Distrito Federal,2º turno,649534,1,2,11,0
c0057,Lula,Luiz Inácio Lula da Silva,13,PT,Presidente 2022 (1º turno),Distrito Federal,2º turno,649534,1,2,11,0
c0058,Lula,Luiz Inácio Lula da Silva,13,PT,Presidente 2022 (1º turno),Distrito Federal,2º turno,649534,1,1,11,0
c0059,Lula,Luiz Inácio Lula da Silva,13,PT,Presidente 2022 (1º turno),Distrito Federal,2º turno,649534,1,1,11,0
c0060,Lula,Luiz Inácio Lula da Silva,13,PT,Presidente 2022 (1º turno),Distrito Federal,2º turno,649534,1,2,11,0
c0061,Lula,Luiz Inácio Lula da Silva,13,PT,Presidente 2022 (1º turno),Distrito Federal,2º turno,649534,1,2,11,0
c0062,Lula,Luiz Inácio Lula da Silva,13,PT,Presidente 2022 (1º turno),Distrito Federal,2º turno,649534,1,1,11,0
c0063,Lula,Luiz Inácio Lula da Silva,13,PT,Presidente 2022 (1º turno),Distrito Federal,2º turno,649534,1,1,11,0
c0064,Lula,Luiz Inácio Lula da Silva,13,PT,Presidente 2022 (1º turno),Distrito Federal,2º turno,649534,1,1,11,0
c0065,Lula,Luiz Inácio Lula da Silva,13,PT,Presidente 2022 (1º turno),Distrito Federal,2º turno,649534,1,1,11,0
c0066,Lula,Luiz Inácio Lula da Silva,13,PT,Presidente 2022 (1º turno),Distrito Federal,2º turno,649534,1,2,11,0
c0067,Lula,Luiz Inácio Lula da Silva,13,PT,Presidente 2022 (1º turno),Distrito Federal,2º turno,649534,1,2,11,0
c0068,Lula,Luiz Inácio Lula da Silva,13,PT,Presidente 2022 (1º turno),Distrito Federal,2º turno,649534,1,1,11,0
c0069,Lula,Luiz Inácio Lula da Silva,13,PT,Presidente 2022 (1º turno),Distrito Federal,2º turno,649534,1,2,11,0
c0070,Lula,Luiz Inácio Lula da Silva,13,PT,Presidente 2022 (1º turno),Distrito Federal,2º turno,649534,1,2,11,0
c0071,Lula,Luiz Inácio Lula da Silva,13,PT,Presidente 2022 (1º turno),Distrito Federal,2º turno,649534,1,2,11,0
c0072,Lula,Luiz Inácio Lula da Silva,13,PT,Presidente 2022 (1º turno),Distrito Federal,2º turno,649534,1,2,11,0
c0073,Lula,Luiz Inácio Lula da Silva,13,PT,Presidente 2022 (1º turno),Distrito Federal,2º turno,649534,1,1,11,0
c0074,Lula,Luiz Inácio Lula da Silva,13,PT,Presidente 2022 (1º turno),Distrito Federal,2º turno,649534,1,2,11,0
c0075,Lula,Luiz Inácio Lula da Silva,13,PT,Presidente 2022 (1º turno),Distrito Federal,2º turno,649534,1,1,11,0
c0076,Lula,Luiz Inácio Lula da Silva,13,PT,Presidente 2022 (1º turno),Distrito Federal,2º turno,649534,1,1,11,0
c0077,Lula,Luiz Inácio Lula da Silva,13,PT,Presidente 2022 (2º turno),Distrito Federal,2º turno,729295,1,2,2,0
c0078,Lula,Luiz Inácio Lula da Silva,13,PT,Presidente 2022 (2º turno),Distrito Federal,2º turno,729295,1,1,2,0
c0079,Lula,Luiz Inácio Lula da Silva,13,PT,Presidente 2022 (2º turno),Distrito Federal,2º turno,729295,1,1,2,0
c0080,Lula,Luiz Inácio Lula da Silva,13,PT,Presidente 2022 (2º turno),Distrito Federal,2º turno,729295,1,2,2,0
c0081,Lula,Luiz Inácio Lula da Silva,13,PT,Presidente 2022 (2º turno),Distrito Federal,2º turno,729295,1,1,2,0
c0082,Lula,Luiz Inácio Lula da Silva,13,PT,Presidente 2022 (2º turno),Distrito Federal,2º turno,729295,1,1,2,0
c0083,Lula,Luiz Inácio Lula da Silva,13,PT,Presidente 2022 (2º turno),Distrito Federal,2º turno,729295,1,2,2,0
c0084,Lula,Luiz Inácio Lula da Silva,13,PT,Presidente 2022 (2º turno),Distrito Federal,2º turno,729295,1,2,2,0
c0085,Lula,Luiz Inácio Lula da Silva,13,PT,Presidente 2022 (2º turno),Distrito Federal,2º turno,729295,1,2,2,0
c0086,Lula,Luiz Inácio Lula da Silva,13,PT,Presidente 2022 (2º turno),Distrito Federal,2º turno,729295,1,1,2,0
c0087,Lula,Luiz Inácio Lula da Silva,13,PT,Presidente 2022 (2º turno),Distrito Federal,2º turno,729295,1,1,2,0
c0088,Lula,Luiz Inácio Lula da Silva,13,PT,Presidente 2022 (2º turno),Distrito Federal,2º turno,729295,1,2,2,0
c0089,Lula,Luiz Inácio Lula da Silva,13,PT,Presidente 2022 (2º turno),Distrito Federal,2º turno,729295,1,2,2,0
c0090,Lula,Luiz Inácio Lula da Silva,13,PT,Presidente 2022 (2º turno),Distrito Federal,2º turno,729295,1,1,2,0
c0091,Lula,Luiz Inácio Lula da Silva,13,PT,Presidente 2022 (2º turno),Distrito Federal,2º turno,729295,1,1,2,0
c0092,Lula,Luiz Inácio Lula da Silva,13,PT,Presidente 2022 (2º turno),Distrito Federal,2º turno,729295,1,1,2,0
c0093,Lula,Luiz Inácio Lula da Silva,13,PT,Presidente 2022 (2º turno),Distrito Federal,2º turno,729295,1,1,2,0
c0094,Lula,Luiz Inácio Lula da Silva,13,PT,Presidente 2022 (2º turno),Distrito Federal,2º turno,729295,1,2,2,0
c0095,Lula,Luiz Inácio Lula da Silva,13,PT,Presidente 2022 (2º turno),Distrito Federal,2º turno,729295,1,2,2,0
c0096,Lula,Luiz Inácio Lula da Silva,13,PT,Presidente 2022 (2º turno),Distrito Federal,2º turno,729295,1,1,2,0
c0097,Lula,Luiz Inácio Lula da Silva,13,PT,Presidente 2022 (2º turno),Distrito Federal,2º turno,729295,1,2,2,0
c0098,Lula,Luiz Inácio Lula da Silva,13,PT,Presidente 2022 (2º turno),Distrito Federal,2º turno,729295,1,2,2,0
c0099,Lula,Luiz Inácio Lula da Silva,13,PT,Presidente 2022 (2º turno),Distrito Federal,2º turno,729295,1,2,2,0
c0100,Lula,Luiz Inácio Lula da Silva,13,PT,Presidente 2022 (2º turno),Distrito Federal,2º turno,729295,1,2,2,0
c0101,Lula,Luiz Inácio Lula da Silva,13,PT,Presidente 2022 (2º turno),Distrito Federal,2º turno,729295,1,1,2,0
c0102,Lula,Luiz Inácio Lula da Silva,13,PT,Presidente 2022 (2º turno),Distrito Federal,2º turno,729295,1,2,2,0
c0103,Lula,Luiz Inácio Lula da Silva,13,PT,Presidente 2022 (2º turno),Distrito Federal,2º turno,729295,1,1,2,0
c0104,Lula,Luiz Inácio Lula da Silva,13,PT,Presidente 2022 (2º turno),Distrito Federal,2º turno,729295,1,1,2,0
c0105,Rosilene Corrêa,Rosilene Corrêa Lima,133,PT,Senador 2022,Distrito Federal,Não eleito,356198,1,3,11,0
c0106,Erika Kokay,Erika Jucá Kokay,131,PT,Senador 2026,Distrito Federal,Não eleito,610950,1,4,11,0
c0107,Lula,Luiz Inácio Lula da Silva,13,PT,Presidente 2026 (1º turno),Distrito Federal,,675627,1,2,13,0
