disputa,CD_IBGE,cd_tse,municipio,aptos,comparecimento,votos_dados,abstencoes,brancos,nulos,votos_validos,pct_abstencao,pct_brancos,pct_nulos
Deputado Estadual 2022,1100106,19,Guajará-Mirim,28155,20947,20947,7208,401,730,19816,25.6011,1.9144,3.485
Deputado Estadual 2022,1100205,35,Porto Velho,349539,275876,275876,73663,12163,13016,250697,21.0743,4.4089,4.7181
Deputado Estadual 2022,1100122,51,Ji-Paraná,92330,69557,69557,22773,2196,1564,65797,24.6648,3.1571,2.2485
Deputado Estadual 2022,1100023,78,Ariquemes,69756,51453,51453,18303,2195,1227,48031,26.2386,4.266,2.3847
Deputado Estadual 2022,1100049,94,Cacoal,66495,51082,51082,15413,1771,1066,48245,23.1792,3.467,2.0868
Deputado Estadual 2022,1100189,116,Pimenta Bueno,26473,20378,20378,6095,850,570,18958,23.0235,4.1712,2.7971
Deputado Estadual 2022,1100304,132,Vilhena,65453,49960,49960,15493,2648,1517,45795,23.6704,5.3002,3.0364
Deputado Estadual 2022,1100114,159,Jaru,43043,30026,30026,13017,836,634,28556,30.2419,2.7843,2.1115
Deputado Estadual 2022,1100155,175,Ouro Preto do Oeste,30339,20945,20945,9394,689,731,19525,30.9634,3.2896,3.4901
Deputado Estadual 2022,1100254,191,Presidente Médici,15598,11523,11523,4075,406,254,10863,26.1251,3.5234,2.2043
Deputado Estadual 2022,1100080,213,Costa Marques,9510,6888,6888,2622,109,130,6649,27.571,1.5825,1.8873
Deputado Estadual 2022,1100064,230,Colorado do Oeste,13740,9981,9981,3759,393,233,9355,27.3581,3.9375,2.3344
Deputado Estadual 2022,1100098,256,Espigão do Oeste,23900,18241,18241,5659,706,390,17145,23.6778,3.8704,2.138
Deputado Estadual 2022,1100056,272,Cerejeiras,12928,10031,10031,2897,393,225,9413,22.4087,3.9179,2.243
Deputado Estadual 2022,1100288,299,Rolim de Moura,40497,29895,29895,10602,1435,924,27536,26.1797,4.8001,3.0908
Deputado Estadual 2022,1100015,310,Alta Floresta D Oeste,19394,14081,14081,5313,539,343,13199,27.3951,3.8279,2.4359
Deputado Estadual 2022,1100346,337,Alvorada do Oeste,11870,8315,8315,3555,252,203,7860,29.9495,3.0307,2.4414
Deputado Estadual 2022,1100296,353,Santa Luzia D Oeste,6834,4915,4915,1919,196,123,4596,28.0802,3.9878,2.5025
Deputado Estadual 2022,1100148,370,Nova Brasilândia D Oeste,14084,10518,10518,3566,283,186,10049,25.3195,2.6906,1.7684
Deputado Estadual 2022,1100130,396,Machadinho D Oeste,23633,16522,16522,7111,439,269,15814,30.0893,2.6571,1.6281
Deputado Estadual 2022,1100320,418,São Miguel do Guaporé,17388,12928,12928,4460,365,184,12379,25.6499,2.8233,1.4233
Deputado Estadual 2022,1100338,434,Nova Mamoré,18003,13395,13395,4608,313,707,12375,25.5957,2.3367,5.2781
Deputado Estadual 2022,1100031,450,Cabixi,4781,3592,3592,1189,99,67,3426,24.8693,2.7561,1.8653
Deputado Estadual 2022,1100809,477,Candeias do Jamari,18894,13704,13704,5190,434,418,12852,27.469,3.167,3.0502
Deputado Estadual 2022,1101104,493,Itapuã do Oeste,6445,4562,4562,1883,178,95,4289,29.2164,3.9018,2.0824
Deputado Estadual 2022,1100502,515,Novo Horizonte do Oeste,6839,5437,5437,1402,116,92,5229,20.5001,2.1335,1.6921
Deputado Estadual 2022,1100908,531,Castanheiras,3075,2296,2296,779,61,31,2204,25.3333,2.6568,1.3502
Deputado Estadual 2022,1101807,558,Vale do Paraíso,6175,4441,4441,1734,122,83,4236,28.081,2.7471,1.8689
Deputado Estadual 2022,1101708,566,Urupá,9542,6817,6817,2725,240,163,6414,28.558,3.5206,2.3911
Deputado Estadual 2022,1101302,574,Mirante da Serra,9138,6527,6527,2611,191,143,6193,28.573,2.9263,2.1909
Deputado Estadual 2022,1101500,582,Seringueiras,10067,7405,7405,2662,170,114,7121,26.4428,2.2957,1.5395
Deputado Estadual 2022,1101609,590,Theobroma,8054,5830,5830,2224,113,146,5571,27.6136,1.9383,2.5043
Deputado Estadual 2022,1101203,604,Ministro Andreazza,6001,4633,4633,1368,113,81,4439,22.7962,2.439,1.7483
Deputado Estadual 2022,1101005,612,Governador Jorge Teixeira,7422,5417,5417,2005,135,149,5133,27.0143,2.4922,2.7506
Deputado Estadual 2022,1100601,620,Cacaulândia,3947,2989,2989,958,67,61,2861,24.2716,2.2416,2.0408
Deputado Estadual 2022,1100403,639,Alto Paraíso,11741,8627,8627,3114,252,114,8261,26.5224,2.9211,1.3214
Deputado Estadual 2022,1100262,647,Rio Crespo,3322,2389,2389,933,41,24,2324,28.0855,1.7162,1.0046
Deputado Estadual 2022,1100072,655,Corumbiara,5621,4405,4405,1216,132,78,4195,21.6332,2.9966,1.7707
Deputado Estadual 2022,1101401,663,Monte Negro,10082,7305,7305,2777,178,126,7001,27.5441,2.4367,1.7248
Deputado Estadual 2022,1100700,671,Campo Novo de Rondônia,7747,5564,5564,2183,140,68,5356,28.1786,2.5162,1.2221
Deputado Estadual 2022,1100940,680,Cujubim,11120,7919,7919,3201,157,104,7658,28.786,1.9826,1.3133
Deputado Estadual 2022,1101757,698,Vale do Anari,6381,4739,4739,1642,76,63,4600,25.7326,1.6037,1.3294
Deputado Estadual 2022,1101450,701,Parecis,3269,2489,2489,780,46,51,2392,23.8605,1.8481,2.049
Deputado Estadual 2022,1101484,710,São Felipe D Oeste,4435,3420,3420,1015,88,80,3252,22.8861,2.5731,2.3392
Deputado Estadual 2022,1101476,728,Primavera de Rondônia,2877,2267,2267,610,65,54,2148,21.2026,2.8672,2.382
Deputado Estadual 2022,1100379,736,Alto Alegre dos Parecis,8354,6461,6461,1893,224,151,6086,22.6598,3.467,2.3371
Deputado Estadual 2022,1101435,744,Nova União,5566,4132,4132,1434,66,63,4003,25.7636,1.5973,1.5247
Deputado Estadual 2022,1101559,752,Teixeirópolis,4088,3046,3046,1042,97,68,2881,25.4892,3.1845,2.2324
Deputado Estadual 2022,1100452,779,Buritis,22958,15864,15864,7094,315,240,15309,30.8999,1.9856,1.5129
Deputado Estadual 2022,1101468,787,Pimenteiras do Oeste,1988,1508,1508,480,21,29,1458,24.1449,1.3926,1.9231
Deputado Estadual 2022,1101492,795,São Francisco do Guaporé,12554,9380,9380,3174,208,117,9055,25.2828,2.2175,1.2473
Deputado Estadual 2022,1100924,809,Chupinguaia,7343,5141,5141,2202,143,97,4901,29.9877,2.7816,1.8868
Deputado Estadual 2026,1100106,19,Guajará-Mirim,28924,21909,21909,7015,367,347,21195,24.2532,1.6751,1.5838
Deputado Estadual 2026,1100205,35,Porto Velho,367053,293667,293667,73386,9654,7223,276790,19.9933,3.2874,2.4596
Deputado Estadual 2026,1100122,51,Ji-Paraná,97933,75605,75605,22328,2290,1572,71743,22.7993,3.0289,2.0792
Deputado Estadual 2026,1100023,78,Ariquemes,72511,55661,55661,16850,1787,970,52904,23.2379,3.2105,1.7427
Deputado Estadual 2026,1100049,94,Cacoal,69972,55030,55030,14942,1820,1016,52194,21.3543,3.3073,1.8463
Deputado Estadual 2026,1100189,116,Pimenta Bueno,27485,21373,21373,6112,510,381,20482,22.2376,2.3862,1.7826
Deputado Estadual 2026,1100304,132,Vilhena,71590,54595,54595,16995,2273,1360,50962,23.7393,4.1634,2.4911
Deputado Estadual 2026,1100114,159,Jaru,41256,31702,31702,9554,749,565,30388,23.1578,2.3626,1.7822
Deputado Estadual 2026,1100155,175,Ouro Preto do Oeste,28281,21827,21827,6454,474,401,20952,22.821,2.1716,1.8372
Deputado Estadual 2026,1100254,191,Presidente Médici,15677,12105,12105,3572,384,253,11468,22.785,3.1722,2.09
Deputado Estadual 2026,1100080,213,Costa Marques,9103,7045,7045,2058,116,86,6843,22.6079,1.6466,1.2207
Deputado Estadual 2026,1100064,230,Colorado do Oeste,13477,10146,10146,3331,306,193,9647,24.7162,3.016,1.9022
Deputado Estadual 2026,1100098,256,Espigão do Oeste,23348,18412,18412,4936,665,355,17392,21.141,3.6118,1.9281
Deputado Estadual 2026,1100056,272,Cerejeiras,13276,10409,10409,2867,302,208,9899,21.5954,2.9013,1.9983
Deputado Estadual 2026,1100288,299,Rolim de Moura,41088,31364,31364,9724,1306,752,29306,23.6663,4.164,2.3977
Deputado Estadual 2026,1100015,310,Alta Floresta D Oeste,18187,14352,14352,3835,408,273,13671,21.0865,2.8428,1.9022
Deputado Estadual 2026,1100346,337,Alvorada do Oeste,11029,8678,8678,2351,190,145,8343,21.3165,2.1894,1.6709
Deputado Estadual 2026,1100296,353,Santa Luzia D Oeste,6813,5330,5330,1483,102,97,5131,21.7672,1.9137,1.8199
Deputado Estadual 2026,1100148,370,Nova Brasilândia D Oeste,13407,11035,11035,2372,232,163,10640,17.6923,2.1024,1.4771
Deputado Estadual 2026,1100130,396,Machadinho D Oeste,25006,18516,18516,6490,338,259,17919,25.9538,1.8254,1.3988
Deputado Estadual 2026,1100320,418,São Miguel do Guaporé,17090,13733,13733,3357,339,206,13188,19.6431,2.4685,1.5
Deputado Estadual 2026,1100338,434,Nova Mamoré,19454,15239,15239,4215,201,136,14902,21.6665,1.319,0.8924
Deputado Estadual 2026,1100031,450,Cabixi,4949,3952,3952,997,85,61,3806,20.1455,2.1508,1.5435
Deputado Estadual 2026,1100809,477,Candeias do Jamari,20465,15520,15520,4945,384,270,14866,24.1632,2.4742,1.7397
Deputado Estadual 2026,1101104,493,Itapuã do Oeste,7204,5443,5443,1761,84,86,5273,24.4448,1.5433,1.58
Deputado Estadual 2026,1100502,515,Novo Horizonte do Oeste,7035,5835,5835,1200,123,76,5636,17.0576,2.108,1.3025
Deputado Estadual 2026,1100908,531,Castanheiras,3409,2715,2715,694,43,44,2628,20.3579,1.5838,1.6206
Deputado Estadual 2026,1101807,558,Vale do Paraíso,5538,4413,4413,1125,60,69,4284,20.3142,1.3596,1.5636
Deputado Estadual 2026,1101708,566,Urupá,9186,7305,7305,1881,212,113,6980,20.4768,2.9021,1.5469
Deputado Estadual 2026,1101302,574,Mirante da Serra,8333,6666,6666,1667,144,154,6368,20.0048,2.1602,2.3102
Deputado Estadual 2026,1101500,582,Seringueiras,9665,7884,7884,1781,168,106,7610,18.4273,2.1309,1.3445
Deputado Estadual 2026,1101609,590,Theobroma,7587,6027,6027,1560,83,145,5799,20.5615,1.3771,2.4058
Deputado Estadual 2026,1101203,604,Ministro Andreazza,6153,4931,4931,1222,125,74,4732,19.8602,2.535,1.5007
Deputado Estadual 2026,1101005,612,Governador Jorge Teixeira,7202,5759,5759,1443,109,98,5552,20.0361,1.8927,1.7017
Deputado Estadual 2026,1100601,620,Cacaulândia,3901,3101,3101,800,49,48,3004,20.5076,1.5801,1.5479
Deputado Estadual 2026,1100403,639,Alto Paraíso,12087,9423,9423,2664,193,132,9098,22.0402,2.0482,1.4008
Deputado Estadual 2026,1100262,647,Rio Crespo,3508,2681,2681,827,43,29,2609,23.5747,1.6039,1.0817
Deputado Estadual 2026,1100072,655,Corumbiara,5751,4586,4586,1165,119,103,4364,20.2573,2.5949,2.246
Deputado Estadual 2026,1101401,663,Monte Negro,10191,7825,7825,2366,119,128,7578,23.2166,1.5208,1.6358
Deputado Estadual 2026,1100700,671,Campo Novo de Rondônia,7516,5914,5914,1602,78,53,5783,21.3145,1.3189,0.8962
Deputado Estadual 2026,1100940,680,Cujubim,11176,8618,8618,2558,148,102,8368,22.8883,1.7173,1.1836
Deputado Estadual 2026,1101757,698,Vale do Anari,6627,5176,5176,1451,55,78,5043,21.8953,1.0626,1.507
Deputado Estadual 2026,1101450,701,Parecis,3875,2961,2961,914,41,34,2886,23.5871,1.3847,1.1483
Deputado Estadual 2026,1101484,710,São Felipe D Oeste,4530,3615,3615,915,76,77,3462,20.1987,2.1024,2.13
Deputado Estadual 2026,1101476,728,Primavera de Rondônia,3046,2501,2501,545,30,39,2432,17.8923,1.1995,1.5594
Deputado Estadual 2026,1100379,736,Alto Alegre dos Parecis,8837,7063,7063,1774,187,253,6623,20.0747,2.6476,3.582
Deputado Estadual 2026,1101435,744,Nova União,5350,4351,4351,999,65,153,4133,18.6729,1.4939,3.5164
Deputado Estadual 2026,1101559,752,Teixeirópolis,3927,3174,3174,753,87,41,3046,19.1749,2.741,1.2917
Deputado Estadual 2026,1100452,779,Buritis,23317,17786,17786,5531,208,217,17361,23.7209,1.1695,1.2201
Deputado Estadual 2026,1101468,787,Pimenteiras do Oeste,2285,1757,1757,528,32,8,1717,23.1072,1.8213,0.4553
Deputado Estadual 2026,1101492,795,São Francisco do Guaporé,12702,10099,10099,2603,211,160,9728,20.4928,2.0893,1.5843
Deputado Estadual 2026,1100924,809,Chupinguaia,7696,5499,5499,2197,121,85,5293,28.5473,2.2004,1.5457
Deputado Federal 2022,1100106,19,Guajará-Mirim,28155,20947,20947,7208,547,387,20013,25.6011,2.6114,1.8475
Deputado Federal 2022,1100205,35,Porto Velho,349539,275876,275876,73663,12314,8666,254896,21.0743,4.4636,3.1413
Deputado Federal 2022,1100122,51,Ji-Paraná,92330,69557,69557,22773,2410,1449,65698,24.6648,3.4648,2.0832
Deputado Federal 2022,1100023,78,Ariquemes,69756,51453,51453,18303,1514,921,49018,26.2386,2.9425,1.79
Deputado Federal 2022,1100049,94,Cacoal,66495,51082,51082,15413,1633,1028,48421,23.1792,3.1968,2.0125
Deputado Federal 2022,1100189,116,Pimenta Bueno,26473,20378,20378,6095,972,663,18743,23.0235,4.7698,3.2535
Deputado Federal 2022,1100304,132,Vilhena,65453,49960,49960,15493,2356,1495,46109,23.6704,4.7158,2.9924
Deputado Federal 2022,1100114,159,Jaru,43043,30026,30026,13017,901,563,28562,30.2419,3.0007,1.875
Deputado Federal 2022,1100155,175,Ouro Preto do Oeste,30339,20945,20945,9394,617,440,19888,30.9634,2.9458,2.1007
Deputado Federal 2022,1100254,191,Presidente Médici,15598,11523,11523,4075,483,223,10817,26.1251,4.1916,1.9353
Deputado Federal 2022,1100080,213,Costa Marques,9510,6888,6888,2622,130,80,6678,27.571,1.8873,1.1614
Deputado Federal 2022,1100064,230,Colorado do Oeste,13740,9981,9981,3759,398,235,9348,27.3581,3.9876,2.3545
Deputado Federal 2022,1100098,256,Espigão do Oeste,23900,18241,18241,5659,729,383,17129,23.6778,3.9965,2.0997
Deputado Federal 2022,1100056,272,Cerejeiras,12928,10031,10031,2897,397,201,9433,22.4087,3.9577,2.0038
Deputado Federal 2022,1100288,299,Rolim de Moura,40497,29895,29895,10602,1577,1019,27299,26.1797,5.2751,3.4086
Deputado Federal 2022,1100015,310,Alta Floresta D Oeste,19394,14081,14081,5313,590,341,13150,27.3951,4.19,2.4217
Deputado Federal 2022,1100346,337,Alvorada do Oeste,11870,8315,8315,3555,231,180,7904,29.9495,2.7781,2.1648
Deputado Federal 2022,1100296,353,Santa Luzia D Oeste,6834,4915,4915,1919,212,126,4577,28.0802,4.3133,2.5636
Deputado Federal 2022,1100148,370,Nova Brasilândia D Oeste,14084,10518,10518,3566,404,250,9864,25.3195,3.841,2.3769
Deputado Federal 2022,1100130,396,Machadinho D Oeste,23633,16522,16522,7111,490,282,15750,30.0893,2.9657,1.7068
Deputado Federal 2022,1100320,418,São Miguel do Guaporé,17388,12928,12928,4460,452,249,12227,25.6499,3.4963,1.9261
Deputado Federal 2022,1100338,434,Nova Mamoré,18003,13395,13395,4608,310,187,12898,25.5957,2.3143,1.396
Deputado Federal 2022,1100031,450,Cabixi,4781,3592,3592,1189,101,86,3405,24.8693,2.8118,2.3942
Deputado Federal 2022,1100809,477,Candeias do Jamari,18894,13704,13704,5190,355,232,13117,27.469,2.5905,1.6929
Deputado Federal 2022,1101104,493,Itapuã do Oeste,6445,4562,4562,1883,143,61,4358,29.2164,3.1346,1.3371
Deputado Federal 2022,1100502,515,Novo Horizonte do Oeste,6839,5437,5437,1402,132,112,5193,20.5001,2.4278,2.06
Deputado Federal 2022,1100908,531,Castanheiras,3075,2296,2296,779,72,25,2199,25.3333,3.1359,1.0889
Deputado Federal 2022,1101807,558,Vale do Paraíso,6175,4441,4441,1734,106,61,4274,28.081,2.3868,1.3736
Deputado Federal 2022,1101708,566,Urupá,9542,6817,6817,2725,230,109,6478,28.558,3.3739,1.5989
Deputado Federal 2022,1101302,574,Mirante da Serra,9138,6527,6527,2611,181,98,6248,28.573,2.7731,1.5015
Deputado Federal 2022,1101500,582,Seringueiras,10067,7405,7405,2662,205,138,7062,26.4428,2.7684,1.8636
Deputado Federal 2022,1101609,590,Theobroma,8054,5830,5830,2224,127,98,5605,27.6136,2.1784,1.681
Deputado Federal 2022,1101203,604,Ministro Andreazza,6001,4633,4633,1368,113,94,4426,22.7962,2.439,2.0289
Deputado Federal 2022,1101005,612,Governador Jorge Teixeira,7422,5417,5417,2005,145,95,5177,27.0143,2.6768,1.7537
Deputado Federal 2022,1100601,620,Cacaulândia,3947,2989,2989,958,68,48,2873,24.2716,2.275,1.6059
Deputado Federal 2022,1100403,639,Alto Paraíso,11741,8627,8627,3114,291,141,8195,26.5224,3.3731,1.6344
Deputado Federal 2022,1100262,647,Rio Crespo,3322,2389,2389,933,32,34,2323,28.0855,1.3395,1.4232
Deputado Federal 2022,1100072,655,Corumbiara,5621,4405,4405,1216,158,95,4152,21.6332,3.5868,2.1566
Deputado Federal 2022,1101401,663,Monte Negro,10082,7305,7305,2777,173,118,7014,27.5441,2.3682,1.6153
Deputado Federal 2022,1100700,671,Campo Novo de Rondônia,7747,5564,5564,2183,159,87,5318,28.1786,2.8577,1.5636
Deputado Federal 2022,1100940,680,Cujubim,11120,7919,7919,3201,233,126,7560,28.786,2.9423,1.5911
Deputado Federal 2022,1101757,698,Vale do Anari,6381,4739,4739,1642,85,57,4597,25.7326,1.7936,1.2028
Deputado Federal 2022,1101450,701,Parecis,3269,2489,2489,780,49,30,2410,23.8605,1.9687,1.2053
Deputado Federal 2022,1101484,710,São Felipe D Oeste,4435,3420,3420,1015,101,99,3220,22.8861,2.9532,2.8947
Deputado Federal 2022,1101476,728,Primavera de Rondônia,2877,2267,2267,610,76,57,2134,21.2026,3.3524,2.5143
Deputado Federal 2022,1100379,736,Alto Alegre dos Parecis,8354,6461,6461,1893,204,153,6104,22.6598,3.1574,2.3681
Deputado Federal 2022,1101435,744,Nova União,5566,4132,4132,1434,85,40,4007,25.7636,2.0571,0.9681
Deputado Federal 2022,1101559,752,Teixeirópolis,4088,3046,3046,1042,74,33,2939,25.4892,2.4294,1.0834
Deputado Federal 2022,1100452,779,Buritis,22958,15864,15864,7094,570,347,14947,30.8999,3.593,2.1873
Deputado Federal 2022,1101468,787,Pimenteiras do Oeste,1988,1508,1508,480,25,25,1458,24.1449,1.6578,1.6578
Deputado Federal 2022,1101492,795,São Francisco do Guaporé,12554,9380,9380,3174,228,125,9027,25.2828,2.4307,1.3326
Deputado Federal 2022,1100924,809,Chupinguaia,7343,5141,5141,2202,150,85,4906,29.9877,2.9177,1.6534
Deputado Federal 2026,1100106,19,Guajará-Mirim,28924,21909,21909,7015,588,417,20904,24.2532,2.6838,1.9033
Deputado Federal 2026,1100205,35,Porto Velho,367053,293667,293667,73386,13075,7927,272665,19.9933,4.4523,2.6993
Deputado Federal 2026,1100122,51,Ji-Paraná,97933,75605,75605,22328,2624,1525,71456,22.7993,3.4707,2.0171
Deputado Federal 2026,1100023,78,Ariquemes,72511,55661,55661,16850,1674,971,53016,23.2379,3.0075,1.7445
Deputado Federal 2026,1100049,94,Cacoal,69972,55030,55030,14942,1685,943,52402,21.3543,3.062,1.7136
Deputado Federal 2026,1100189,116,Pimenta Bueno,27485,21373,21373,6112,848,491,20034,22.2376,3.9676,2.2973
Deputado Federal 2026,1100304,132,Vilhena,71590,54595,54595,16995,3054,2180,49361,23.7393,5.5939,3.993
Deputado Federal 2026,1100114,159,Jaru,41256,31702,31702,9554,941,491,30270,23.1578,2.9683,1.5488
Deputado Federal 2026,1100155,175,Ouro Preto do Oeste,28281,21827,21827,6454,663,415,20749,22.821,3.0375,1.9013
Deputado Federal 2026,1100254,191,Presidente Médici,15677,12105,12105,3572,462,276,11367,22.785,3.8166,2.28
Deputado Federal 2026,1100080,213,Costa Marques,9103,7045,7045,2058,144,84,6817,22.6079,2.044,1.1923
Deputado Federal 2026,1100064,230,Colorado do Oeste,13477,10146,10146,3331,385,292,9469,24.7162,3.7946,2.878
Deputado Federal 2026,1100098,256,Espigão do Oeste,23348,18412,18412,4936,754,349,17309,21.141,4.0952,1.8955
Deputado Federal 2026,1100056,272,Cerejeiras,13276,10409,10409,2867,319,253,9837,21.5954,3.0647,2.4306
Deputado Federal 2026,1100288,299,Rolim de Moura,41088,31364,31364,9724,1581,1114,28669,23.6663,5.0408,3.5518
Deputado Federal 2026,1100015,310,Alta Floresta D Oeste,18187,14352,14352,3835,457,269,13626,21.0865,3.1842,1.8743
Deputado Federal 2026,1100346,337,Alvorada do Oeste,11029,8678,8678,2351,227,180,8271,21.3165,2.6158,2.0742
Deputado Federal 2026,1100296,353,Santa Luzia D Oeste,6813,5330,5330,1483,182,109,5039,21.7672,3.4146,2.045
Deputado Federal 2026,1100148,370,Nova Brasilândia D Oeste,13407,11035,11035,2372,353,237,10445,17.6923,3.1989,2.1477
Deputado Federal 2026,1100130,396,Machadinho D Oeste,25006,18516,18516,6490,407,256,17853,25.9538,2.1981,1.3826
Deputado Federal 2026,1100320,418,São Miguel do Guaporé,17090,13733,13733,3357,374,214,13145,19.6431,2.7234,1.5583
Deputado Federal 2026,1100338,434,Nova Mamoré,19454,15239,15239,4215,237,168,14834,21.6665,1.5552,1.1024
Deputado Federal 2026,1100031,450,Cabixi,4949,3952,3952,997,105,91,3756,20.1455,2.6569,2.3026
Deputado Federal 2026,1100809,477,Candeias do Jamari,20465,15520,15520,4945,449,263,14808,24.1632,2.893,1.6946
Deputado Federal 2026,1101104,493,Itapuã do Oeste,7204,5443,5443,1761,144,131,5168,24.4448,2.6456,2.4068
Deputado Federal 2026,1100502,515,Novo Horizonte do Oeste,7035,5835,5835,1200,126,109,5600,17.0576,2.1594,1.868
Deputado Federal 2026,1100908,531,Castanheiras,3409,2715,2715,694,55,51,2609,20.3579,2.0258,1.8785
Deputado Federal 2026,1101807,558,Vale do Paraíso,5538,4413,4413,1125,87,57,4269,20.3142,1.9714,1.2916
Deputado Federal 2026,1101708,566,Urupá,9186,7305,7305,1881,222,114,6969,20.4768,3.039,1.5606
Deputado Federal 2026,1101302,574,Mirante da Serra,8333,6666,6666,1667,167,91,6408,20.0048,2.5053,1.3651
Deputado Federal 2026,1101500,582,Seringueiras,9665,7884,7884,1781,214,109,7561,18.4273,2.7144,1.3825
Deputado Federal 2026,1101609,590,Theobroma,7587,6027,6027,1560,94,84,5849,20.5615,1.5596,1.3937
Deputado Federal 2026,1101203,604,Ministro Andreazza,6153,4931,4931,1222,144,84,4703,19.8602,2.9203,1.7035
Deputado Federal 2026,1101005,612,Governador Jorge Teixeira,7202,5759,5759,1443,119,74,5566,20.0361,2.0663,1.2849
Deputado Federal 2026,1100601,620,Cacaulândia,3901,3101,3101,800,60,47,2994,20.5076,1.9349,1.5156
Deputado Federal 2026,1100403,639,Alto Paraíso,12087,9423,9423,2664,239,143,9041,22.0402,2.5363,1.5176
Deputado Federal 2026,1100262,647,Rio Crespo,3508,2681,2681,827,54,27,2600,23.5747,2.0142,1.0071
Deputado Federal 2026,1100072,655,Corumbiara,5751,4586,4586,1165,146,129,4311,20.2573,3.1836,2.8129
Deputado Federal 2026,1101401,663,Monte Negro,10191,7825,7825,2366,119,116,7590,23.2166,1.5208,1.4824
Deputado Federal 2026,1100700,671,Campo Novo de Rondônia,7516,5914,5914,1602,118,54,5742,21.3145,1.9953,0.9131
Deputado Federal 2026,1100940,680,Cujubim,11176,8618,8618,2558,185,113,8320,22.8883,2.1467,1.3112
Deputado Federal 2026,1101757,698,Vale do Anari,6627,5176,5176,1451,76,86,5014,21.8953,1.4683,1.6615
Deputado Federal 2026,1101450,701,Parecis,3875,2961,2961,914,44,38,2879,23.5871,1.486,1.2834
Deputado Federal 2026,1101484,710,São Felipe D Oeste,4530,3615,3615,915,90,56,3469,20.1987,2.4896,1.5491
Deputado Federal 2026,1101476,728,Primavera de Rondônia,3046,2501,2501,545,55,51,2395,17.8923,2.1991,2.0392
Deputado Federal 2026,1100379,736,Alto Alegre dos Parecis,8837,7063,7063,1774,220,180,6663,20.0747,3.1148,2.5485
Deputado Federal 2026,1101435,744,Nova União,5350,4351,4351,999,83,39,4229,18.6729,1.9076,0.8963
Deputado Federal 2026,1101559,752,Teixeirópolis,3927,3174,3174,753,80,31,3063,19.1749,2.5205,0.9767
Deputado Federal 2026,1100452,779,Buritis,23317,17786,17786,5531,378,235,17173,23.7209,2.1253,1.3213
Deputado Federal 2026,1101468,787,Pimenteiras do Oeste,2285,1757,1757,528,24,26,1707,23.1072,1.366,1.4798
Deputado Federal 2026,1101492,795,São Francisco do Guaporé,12702,10099,10099,2603,278,123,9698,20.4928,2.7527,1.2179
Deputado Federal 2026,1100924,809,Chupinguaia,7696,5499,5499,2197,141,111,5247,28.5473,2.5641,2.0185
Governador 2026,1100106,19,Guajará-Mirim,28924,21909,21909,7015,446,436,21027,24.2532,2.0357,1.99
Governador 2026,1100205,35,Porto Velho,367053,293667,293667,73386,8812,7913,276942,19.9933,3.0007,2.6945
Governador 2026,1100122,51,Ji-Paraná,97933,75605,75605,22328,1616,1528,72461,22.7993,2.1374,2.021
Governador 2026,1100023,78,Ariquemes,72511,55661,55661,16850,1492,1071,53098,23.2379,2.6805,1.9241
Governador 2026,1100049,94,Cacoal,69972,55030,55030,14942,664,768,53598,21.3543,1.2066,1.3956
Governador 2026,1100189,116,Pimenta Bueno,27485,21373,21373,6112,504,540,20329,22.2376,2.3581,2.5266
Governador 2026,1100304,132,Vilhena,71590,54595,54595,16995,1973,1399,51223,23.7393,3.6139,2.5625
Governador 2026,1100114,159,Jaru,41256,31702,31702,9554,741,661,30300,23.1578,2.3374,2.085
Governador 2026,1100155,175,Ouro Preto do Oeste,28281,21827,21827,6454,511,472,20844,22.821,2.3411,2.1625
Governador 2026,1100254,191,Presidente Médici,15677,12105,12105,3572,261,226,11618,22.785,2.1561,1.867
Governador 2026,1100080,213,Costa Marques,9103,7045,7045,2058,118,122,6805,22.6079,1.6749,1.7317
Governador 2026,1100064,230,Colorado do Oeste,13477,10146,10146,3331,257,238,9651,24.7162,2.533,2.3458
Governador 2026,1100098,256,Espigão do Oeste,23348,18412,18412,4936,427,334,17651,21.141,2.3191,1.814
Governador 2026,1100056,272,Cerejeiras,13276,10409,10409,2867,213,179,10017,21.5954,2.0463,1.7197
Governador 2026,1100288,299,Rolim de Moura,41088,31364,31364,9724,886,713,29765,23.6663,2.8249,2.2733
Governador 2026,1100015,310,Alta Floresta D Oeste,18187,14352,14352,3835,331,280,13741,21.0865,2.3063,1.9509
Governador 2026,1100346,337,Alvorada do Oeste,11029,8678,8678,2351,133,175,8370,21.3165,1.5326,2.0166
Governador 2026,1100296,353,Santa Luzia D Oeste,6813,5330,5330,1483,122,129,5079,21.7672,2.2889,2.4203
Governador 2026,1100148,370,Nova Brasilândia D Oeste,13407,11035,11035,2372,195,198,10642,17.6923,1.7671,1.7943
Governador 2026,1100130,396,Machadinho D Oeste,25006,18516,18516,6490,272,307,17937,25.9538,1.469,1.658
Governador 2026,1100320,418,São Miguel do Guaporé,17090,13733,13733,3357,275,273,13185,19.6431,2.0025,1.9879
Governador 2026,1100338,434,Nova Mamoré,19454,15239,15239,4215,231,216,14792,21.6665,1.5158,1.4174
Governador 2026,1100031,450,Cabixi,4949,3952,3952,997,82,74,3796,20.1455,2.0749,1.8725
Governador 2026,1100809,477,Candeias do Jamari,20465,15520,15520,4945,370,334,14816,24.1632,2.384,2.1521
Governador 2026,1101104,493,Itapuã do Oeste,7204,5443,5443,1761,125,114,5204,24.4448,2.2965,2.0944
Governador 2026,1100502,515,Novo Horizonte do Oeste,7035,5835,5835,1200,83,103,5649,17.0576,1.4225,1.7652
Governador 2026,1100908,531,Castanheiras,3409,2715,2715,694,26,48,2641,20.3579,0.9576,1.768
Governador 2026,1101807,558,Vale do Paraíso,5538,4413,4413,1125,43,85,4285,20.3142,0.9744,1.9261
Governador 2026,1101708,566,Urupá,9186,7305,7305,1881,142,156,7007,20.4768,1.9439,2.1355
Governador 2026,1101302,574,Mirante da Serra,8333,6666,6666,1667,123,157,6386,20.0048,1.8452,2.3552
Governador 2026,1101500,582,Seringueiras,9665,7884,7884,1781,131,134,7619,18.4273,1.6616,1.6996
Governador 2026,1101609,590,Theobroma,7587,6027,6027,1560,74,130,5823,20.5615,1.2278,2.157
Governador 2026,1101203,604,Ministro Andreazza,6153,4931,4931,1222,59,73,4799,19.8602,1.1965,1.4804
Governador 2026,1101005,612,Governador Jorge Teixeira,7202,5759,5759,1443,97,124,5538,20.0361,1.6843,2.1532
Governador 2026,1100601,620,Cacaulândia,3901,3101,3101,800,54,66,2981,20.5076,1.7414,2.1283
Governador 2026,1100403,639,Alto Paraíso,12087,9423,9423,2664,192,192,9039,22.0402,2.0376,2.0376
Governador 2026,1100262,647,Rio Crespo,3508,2681,2681,827,40,36,2605,23.5747,1.492,1.3428
Governador 2026,1100072,655,Corumbiara,5751,4586,4586,1165,98,99,4389,20.2573,2.1369,2.1587
Governador 2026,1101401,663,Monte Negro,10191,7825,7825,2366,99,141,7585,23.2166,1.2652,1.8019
Governador 2026,1100700,671,Campo Novo de Rondônia,7516,5914,5914,1602,70,74,5770,21.3145,1.1836,1.2513
Governador 2026,1100940,680,Cujubim,11176,8618,8618,2558,139,147,8332,22.8883,1.6129,1.7057
Governador 2026,1101757,698,Vale do Anari,6627,5176,5176,1451,59,111,5006,21.8953,1.1399,2.1445
Governador 2026,1101450,701,Parecis,3875,2961,2961,914,27,67,2867,23.5871,0.9119,2.2627
Governador 2026,1101484,710,São Felipe D Oeste,4530,3615,3615,915,58,80,3477,20.1987,1.6044,2.213
Governador 2026,1101476,728,Primavera de Rondônia,3046,2501,2501,545,37,52,2412,17.8923,1.4794,2.0792
Governador 2026,1100379,736,Alto Alegre dos Parecis,8837,7063,7063,1774,155,152,6756,20.0747,2.1945,2.1521
Governador 2026,1101435,744,Nova União,5350,4351,4351,999,71,78,4202,18.6729,1.6318,1.7927
Governador 2026,1101559,752,Teixeirópolis,3927,3174,3174,753,61,58,3055,19.1749,1.9219,1.8273
Governador 2026,1100452,779,Buritis,23317,17786,17786,5531,308,282,17196,23.7209,1.7317,1.5855
Governador 2026,1101468,787,Pimenteiras do Oeste,2285,1757,1757,528,23,19,1715,23.1072,1.309,1.0814
Governador 2026,1101492,795,São Francisco do Guaporé,12702,10099,10099,2603,193,172,9734,20.4928,1.9111,1.7031
Governador 2026,1100924,809,Chupinguaia,7696,5499,5499,2197,88,112,5299,28.5473,1.6003,2.0367
Prefeito 2020,1100106,19,Guajará-Mirim,27740,19986,19986,7754,361,637,18988,27.9524,1.8063,3.1872
Prefeito 2020,1100205,35,Porto Velho,333031,241180,241180,91851,8630,12801,219749,27.5803,3.5782,5.3077
Prefeito 2020,1100122,51,Ji-Paraná,88732,62074,62074,26658,2129,2999,56946,30.0433,3.4298,4.8313
Prefeito 2020,1100023,78,Ariquemes,66872,45411,45411,21461,1491,3537,40383,32.0927,3.2833,7.7889
Prefeito 2020,1100049,94,Cacoal,63487,45785,45785,17702,1367,2167,42251,27.8829,2.9857,4.733
Prefeito 2020,1100189,116,Pimenta Bueno,25416,18219,18219,7197,2265,2623,13331,28.3168,12.4321,14.3971
Prefeito 2020,1100304,132,Vilhena,61182,44704,44704,16478,1079,2143,41482,26.9328,2.4137,4.7938
Prefeito 2020,1100114,159,Jaru,42758,30193,30193,12565,569,9869,19755,29.3863,1.8845,32.6864
Prefeito 2020,1100155,175,Ouro Preto do Oeste,30390,20712,20712,9678,322,758,19632,31.846,1.5547,3.6597
Prefeito 2020,1100254,191,Presidente Médici,15389,11257,11257,4132,263,444,10550,26.8503,2.3363,3.9442
Prefeito 2020,1100080,213,Costa Marques,9364,6761,6761,2603,78,203,6480,27.7979,1.1537,3.0025
Prefeito 2020,1100064,230,Colorado do Oeste,13510,9645,9645,3865,258,2467,6920,28.6084,2.675,25.578
Prefeito 2020,1100098,256,Espigão do Oeste,23496,17121,17121,6375,316,5213,11592,27.1323,1.8457,30.448
Prefeito 2020,1100056,272,Cerejeiras,12546,9534,9534,3012,204,404,8926,24.0077,2.1397,4.2375
Prefeito 2020,1100288,299,Rolim de Moura,39338,27337,27337,12001,1045,1366,24926,30.5074,3.8227,4.9969
Prefeito 2020,1100015,310,Alta Floresta D Oeste,19478,14015,14015,5463,289,606,13120,28.047,2.0621,4.3239
Prefeito 2020,1100346,337,Alvorada do Oeste,11941,8654,8654,3287,101,353,8200,27.527,1.1671,4.079
Prefeito 2020,1100296,353,Santa Luzia D Oeste,6757,5320,5320,1437,94,243,4983,21.2668,1.7669,4.5677
Prefeito 2020,1100148,370,Nova Brasilândia D Oeste,14097,10204,10204,3893,165,356,9683,27.6158,1.617,3.4888
Prefeito 2020,1100130,396,Machadinho D Oeste,22666,15559,15559,7107,187,492,14880,31.3553,1.2019,3.1622
Prefeito 2020,1100320,418,São Miguel do Guaporé,17465,12742,12742,4723,174,345,12223,27.0427,1.3656,2.7076
Prefeito 2020,1100338,434,Nova Mamoré,17335,12626,12626,4709,192,506,11928,27.1647,1.5207,4.0076
Prefeito 2020,1100031,450,Cabixi,4681,3774,3774,907,30,114,3630,19.3762,0.7949,3.0207
Prefeito 2020,1100809,477,Candeias do Jamari,36395,24140,24140,12255,482,734,22924,33.6722,1.9967,3.0406
Prefeito 2020,1101104,493,Itapuã do Oeste,6397,4564,4564,1833,44,112,4408,28.6541,0.9641,2.454
Prefeito 2020,1100502,515,Novo Horizonte do Oeste,6700,5431,5431,1269,97,208,5126,18.9403,1.786,3.8299
Prefeito 2020,1100908,531,Castanheiras,3116,2471,2471,645,36,990,1445,20.6996,1.4569,40.0648
Prefeito 2020,1101807,558,Vale do Paraíso,6202,4732,4732,1470,57,205,4470,23.702,1.2046,4.3322
Prefeito 2020,1101708,566,Urupá,9749,7182,7182,2567,101,479,6602,26.3309,1.4063,6.6695
Prefeito 2020,1101302,574,Mirante da Serra,9156,6753,6753,2403,75,145,6533,26.2451,1.1106,2.1472
Prefeito 2020,1101500,582,Seringueiras,9997,7493,7493,2504,76,183,7234,25.0475,1.0143,2.4423
Prefeito 2020,1101609,590,Theobroma,8175,6217,6217,1958,61,168,5988,23.9511,0.9812,2.7023
Prefeito 2020,1101203,604,Ministro Andreazza,6115,4914,4914,1201,82,1318,3514,19.6402,1.6687,26.8213
Prefeito 2020,1101005,612,Governador Jorge Teixeira,7559,5843,5843,1716,71,880,4892,22.7014,1.2151,15.0608
Prefeito 2020,1100601,620,Cacaulândia,3963,3122,3122,841,22,98,3002,21.2213,0.7047,3.139
Prefeito 2020,1100403,639,Alto Paraíso,11766,8640,8640,3126,96,193,8351,26.5681,1.1111,2.2338
Prefeito 2020,1100262,647,Rio Crespo,3412,2644,2644,768,26,52,2566,22.5088,0.9834,1.9667
Prefeito 2020,1100072,655,Corumbiara,5612,4516,4516,1096,42,152,4322,19.5296,0.93,3.3658
Prefeito 2020,1101401,663,Monte Negro,9949,7134,7134,2815,100,241,6793,28.2943,1.4017,3.3782
Prefeito 2020,1100700,671,Campo Novo de Rondônia,7773,5491,5491,2282,72,153,5266,29.358,1.3112,2.7864
Prefeito 2020,1100940,680,Cujubim,10544,7755,7755,2789,82,251,7422,26.4511,1.0574,3.2366
Prefeito 2020,1101757,698,Vale do Anari,6335,4817,4817,1518,49,171,4597,23.9621,1.0172,3.5499
Prefeito 2020,1101450,701,Parecis,3279,2687,2687,592,16,56,2615,18.0543,0.5955,2.0841
Prefeito 2020,1101484,710,São Felipe D Oeste,4376,3643,3643,733,36,106,3501,16.7505,0.9882,2.9097
Prefeito 2020,1101476,728,Primavera de Rondônia,2803,2216,2216,587,53,101,2062,20.9418,2.3917,4.5578
Prefeito 2020,1100379,736,Alto Alegre dos Parecis,8093,6306,6306,1787,80,177,6049,22.0808,1.2686,2.8069
Prefeito 2020,1101435,744,Nova União,5564,4227,4227,1337,67,132,4028,24.0295,1.585,3.1228
Prefeito 2020,1101559,752,Teixeirópolis,4110,3192,3192,918,30,38,3124,22.3358,0.9398,1.1905
Prefeito 2020,1100452,779,Buritis,22608,14804,14804,7804,306,509,13989,34.5188,2.067,3.4383
Prefeito 2020,1101468,787,Pimenteiras do Oeste,1944,1642,1642,302,13,46,1583,15.535,0.7917,2.8015
Prefeito 2020,1101492,795,São Francisco do Guaporé,12248,9342,9342,2906,207,279,8856,23.7263,2.2158,2.9865
Prefeito 2020,1100924,809,Chupinguaia,7266,5522,5522,1744,60,205,5257,24.0022,1.0866,3.7124
Prefeito 2024,1100106,19,Guajará-Mirim,29557,21845,21845,7712,230,392,21223,26.092,1.0529,1.7945
Prefeito 2024,1100205,35,Porto Velho,362248,268585,268585,93663,7371,11201,250013,25.856,2.7444,4.1704
Prefeito 2024,1100122,51,Ji-Paraná,96959,70079,70079,26880,1085,1508,67486,27.7231,1.5483,2.1519
Prefeito 2024,1100023,78,Ariquemes,73201,51262,51262,21939,996,1231,49035,29.9709,1.943,2.4014
Prefeito 2024,1100049,94,Cacoal,69088,50596,50596,18492,944,1228,48424,26.7659,1.8658,2.4271
Prefeito 2024,1100189,116,Pimenta Bueno,27556,20869,20869,6687,389,730,19750,24.2669,1.864,3.498
Prefeito 2024,1100304,132,Vilhena,69345,47659,47659,21686,1690,2083,43886,31.2726,3.546,4.3706
Prefeito 2024,1100114,159,Jaru,40937,30502,30502,10435,525,665,29312,25.4904,1.7212,2.1802
Prefeito 2024,1100155,175,Ouro Preto do Oeste,28501,21162,21162,7339,191,420,20551,25.75,0.9026,1.9847
Prefeito 2024,1100254,191,Presidente Médici,16053,11793,11793,4260,174,2039,9580,26.5371,1.4755,17.2899
Prefeito 2024,1100080,213,Costa Marques,9126,7044,7044,2082,79,139,6826,22.8139,1.1215,1.9733
Prefeito 2024,1100064,230,Colorado do Oeste,14029,10010,10010,4019,126,188,9696,28.6478,1.2587,1.8781
Prefeito 2024,1100098,256,Espigão do Oeste,23943,17884,17884,6059,347,5554,11983,25.3059,1.9403,31.0557
Prefeito 2024,1100056,272,Cerejeiras,13193,10016,10016,3177,150,181,9685,24.081,1.4976,1.8071
Prefeito 2024,1100288,299,Rolim de Moura,41369,28839,28839,12530,671,694,27474,30.2884,2.3267,2.4065
Prefeito 2024,1100015,310,Alta Floresta D Oeste,18186,13951,13951,4235,191,263,13497,23.2871,1.3691,1.8852
Prefeito 2024,1100346,337,Alvorada do Oeste,10984,8622,8622,2362,102,150,8370,21.504,1.183,1.7397
Prefeito 2024,1100296,353,Santa Luzia D Oeste,7037,5312,5312,1725,193,779,4340,24.5133,3.6333,14.6649
Prefeito 2024,1100148,370,Nova Brasilândia D Oeste,13444,11013,11013,2431,94,229,10690,18.0824,0.8535,2.0794
Prefeito 2024,1100130,396,Machadinho D Oeste,24922,17561,17561,7361,201,771,16589,29.5362,1.1446,4.3904
Prefeito 2024,1100320,418,São Miguel do Guaporé,17052,13522,13522,3530,216,361,12945,20.7014,1.5974,2.6697
Prefeito 2024,1100338,434,Nova Mamoré,20216,15520,15520,4696,230,356,14934,23.2291,1.482,2.2938
Prefeito 2024,1100031,450,Cabixi,5006,3957,3957,1049,24,76,3857,20.9549,0.6065,1.9206
Prefeito 2024,1100809,477,Candeias do Jamari,21402,15946,15946,5456,241,423,15282,25.4929,1.5114,2.6527
Prefeito 2024,1101104,493,Itapuã do Oeste,7280,5607,5607,1673,30,67,5510,22.9808,0.535,1.1949
Prefeito 2024,1100502,515,Novo Horizonte do Oeste,7188,5933,5933,1255,77,126,5730,17.4597,1.2978,2.1237
Prefeito 2024,1100908,531,Castanheiras,3623,2999,2999,624,27,35,2937,17.2233,0.9003,1.1671
Prefeito 2024,1101807,558,Vale do Paraíso,5784,4675,4675,1109,41,64,4570,19.1736,0.877,1.369
Prefeito 2024,1101708,566,Urupá,9303,7393,7393,1910,76,112,7205,20.531,1.028,1.5149
Prefeito 2024,1101302,574,Mirante da Serra,8515,6750,6750,1765,48,99,6603,20.7281,0.7111,1.4667
Prefeito 2024,1101500,582,Seringueiras,9620,7780,7780,1840,102,162,7516,19.1268,1.3111,2.0823
Prefeito 2024,1101609,590,Theobroma,7880,6351,6351,1529,62,132,6157,19.4036,0.9762,2.0784
Prefeito 2024,1101203,604,Ministro Andreazza,6321,5067,5067,1254,57,69,4941,19.8386,1.1249,1.3618
Prefeito 2024,1101005,612,Governador Jorge Teixeira,7392,5980,5980,1412,65,108,5807,19.1017,1.087,1.806
Prefeito 2024,1100601,620,Cacaulândia,4126,3219,3219,907,52,74,3093,21.9825,1.6154,2.2989
Prefeito 2024,1100403,639,Alto Paraíso,12398,9341,9341,3057,83,162,9096,24.6572,0.8886,1.7343
Prefeito 2024,1100262,647,Rio Crespo,3811,3056,3056,755,33,36,2987,19.8111,1.0798,1.178
Prefeito 2024,1100072,655,Corumbiara,5841,4604,4604,1237,352,284,3968,21.1779,7.6455,6.1685
Prefeito 2024,1101401,663,Monte Negro,10598,7781,7781,2817,173,227,7381,26.5805,2.2234,2.9174
Prefeito 2024,1100700,671,Campo Novo de Rondônia,7826,5768,5768,2058,77,87,5604,26.297,1.335,1.5083
Prefeito 2024,1100940,680,Cujubim,11617,8595,8595,3022,105,152,8338,26.0136,1.2216,1.7685
Prefeito 2024,1101757,698,Vale do Anari,6722,5264,5264,1458,52,120,5092,21.69,0.9878,2.2796
Prefeito 2024,1101450,701,Parecis,4052,3415,3415,637,21,42,3352,15.7206,0.6149,1.2299
Prefeito 2024,1101484,710,São Felipe D Oeste,4622,3729,3729,893,60,110,3559,19.3206,1.609,2.9499
Prefeito 2024,1101476,728,Primavera de Rondônia,3044,2573,2573,471,39,58,2476,15.4731,1.5157,2.2542
Prefeito 2024,1100379,736,Alto Alegre dos Parecis,8940,6994,6994,1946,161,236,6597,21.7673,2.302,3.3743
Prefeito 2024,1101435,744,Nova União,5420,4376,4376,1044,57,91,4228,19.262,1.3026,2.0795
Prefeito 2024,1101559,752,Teixeirópolis,4018,3275,3275,743,29,32,3214,18.4918,0.8855,0.9771
Prefeito 2024,1100452,779,Buritis,24145,16420,16420,7725,198,340,15882,31.9942,1.2058,2.0706
Prefeito 2024,1101468,787,Pimenteiras do Oeste,2351,1973,1973,378,11,19,1943,16.0783,0.5575,0.963
Prefeito 2024,1101492,795,São Francisco do Guaporé,12680,10173,10173,2507,89,133,9951,19.7713,0.8749,1.3074
Prefeito 2024,1100924,809,Chupinguaia,8075,6085,6085,1990,46,86,5953,24.644,0.756,1.4133
Presidente 2022 (1º turno),1100106,19,Guajará-Mirim,28174,20962,20962,7212,147,260,20555,25.5981,0.7013,1.2403
Presidente 2022 (1º turno),1100205,35,Porto Velho,350692,276890,276890,73802,2950,4922,269018,21.0447,1.0654,1.7776
Presidente 2022 (1º turno),1100122,51,Ji-Paraná,92331,69558,69558,22773,661,942,67955,24.6645,0.9503,1.3543
Presidente 2022 (1º turno),1100023,78,Ariquemes,69761,51457,51457,18304,517,694,50246,26.2382,1.0047,1.3487
Presidente 2022 (1º turno),1100049,94,Cacoal,66497,51084,51084,15413,542,676,49866,23.1785,1.061,1.3233
Presidente 2022 (1º turno),1100189,116,Pimenta Bueno,26476,20379,20379,6097,264,381,19734,23.0284,1.2955,1.8696
Presidente 2022 (1º turno),1100304,132,Vilhena,65454,49961,49961,15493,595,837,48529,23.6701,1.1909,1.6753
Presidente 2022 (1º turno),1100114,159,Jaru,43047,30030,30030,13017,331,502,29197,30.239,1.1022,1.6717
Presidente 2022 (1º turno),1100155,175,Ouro Preto do Oeste,30339,20945,20945,9394,162,296,20487,30.9634,0.7735,1.4132
Presidente 2022 (1º turno),1100254,191,Presidente Médici,15598,11523,11523,4075,144,167,11212,26.1251,1.2497,1.4493
Presidente 2022 (1º turno),1100080,213,Costa Marques,9511,6889,6889,2622,51,92,6746,27.5681,0.7403,1.3355
Presidente 2022 (1º turno),1100064,230,Colorado do Oeste,13741,9982,9982,3759,124,151,9707,27.3561,1.2422,1.5127
Presidente 2022 (1º turno),1100098,256,Espigão do Oeste,23900,18241,18241,5659,198,283,17760,23.6778,1.0855,1.5515
Presidente 2022 (1º turno),1100056,272,Cerejeiras,12930,10033,10033,2897,90,144,9799,22.4053,0.897,1.4353
Presidente 2022 (1º turno),1100288,299,Rolim de Moura,40497,29895,29895,10602,404,468,29023,26.1797,1.3514,1.5655
Presidente 2022 (1º turno),1100015,310,Alta Floresta D Oeste,19397,14084,14084,5313,142,224,13718,27.3908,1.0082,1.5905
Presidente 2022 (1º turno),1100346,337,Alvorada do Oeste,11870,8315,8315,3555,78,142,8095,29.9495,0.9381,1.7078
Presidente 2022 (1º turno),1100296,353,Santa Luzia D Oeste,6834,4915,4915,1919,58,81,4776,28.0802,1.1801,1.648
Presidente 2022 (1º turno),1100148,370,Nova Brasilândia D Oeste,14084,10518,10518,3566,116,136,10266,25.3195,1.1029,1.293
Presidente 2022 (1º turno),1100130,396,Machadinho D Oeste,23639,16528,16528,7111,127,183,16218,30.0816,0.7684,1.1072
Presidente 2022 (1º turno),1100320,418,São Miguel do Guaporé,17389,12929,12929,4460,138,181,12610,25.6484,1.0674,1.4
Presidente 2022 (1º turno),1100338,434,Nova Mamoré,18003,13395,13395,4608,91,155,13149,25.5957,0.6794,1.1571
Presidente 2022 (1º turno),1100031,450,Cabixi,4781,3592,3592,1189,29,48,3515,24.8693,0.8073,1.3363
Presidente 2022 (1º turno),1100809,477,Candeias do Jamari,18894,13704,13704,5190,114,211,13379,27.469,0.8319,1.5397
Presidente 2022 (1º turno),1101104,493,Itapuã do Oeste,6445,4562,4562,1883,38,51,4473,29.2164,0.833,1.1179
Presidente 2022 (1º turno),1100502,515,Novo Horizonte do Oeste,6839,5437,5437,1402,48,72,5317,20.5001,0.8828,1.3243
Presidente 2022 (1º turno),1100908,531,Castanheiras,3075,2296,2296,779,19,27,2250,25.3333,0.8275,1.176
Presidente 2022 (1º turno),1101807,558,Vale do Paraíso,6175,4441,4441,1734,37,54,4350,28.081,0.8331,1.2159
Presidente 2022 (1º turno),1101708,566,Urupá,9543,6818,6818,2725,82,112,6624,28.555,1.2027,1.6427
Presidente 2022 (1º turno),1101302,574,Mirante da Serra,9138,6527,6527,2611,66,83,6378,28.573,1.0112,1.2716
Presidente 2022 (1º turno),1101500,582,Seringueiras,10067,7405,7405,2662,65,99,7241,26.4428,0.8778,1.3369
Presidente 2022 (1º turno),1101609,590,Theobroma,8054,5830,5830,2224,62,95,5673,27.6136,1.0635,1.6295
Presidente 2022 (1º turno),1101203,604,Ministro Andreazza,6001,4633,4633,1368,35,80,4518,22.7962,0.7555,1.7267
Presidente 2022 (1º turno),1101005,612,Governador Jorge Teixeira,7422,5417,5417,2005,47,80,5290,27.0143,0.8676,1.4768
Presidente 2022 (1º turno),1100601,620,Cacaulândia,3947,2989,2989,958,21,44,2924,24.2716,0.7026,1.4721
Presidente 2022 (1º turno),1100403,639,Alto Paraíso,11742,8628,8628,3114,92,130,8406,26.5202,1.0663,1.5067
Presidente 2022 (1º turno),1100262,647,Rio Crespo,3322,2389,2389,933,13,19,2357,28.0855,0.5442,0.7953
Presidente 2022 (1º turno),1100072,655,Corumbiara,5621,4405,4405,1216,55,59,4291,21.6332,1.2486,1.3394
Presidente 2022 (1º turno),1101401,663,Monte Negro,10082,7305,7305,2777,39,105,7161,27.5441,0.5339,1.4374
Presidente 2022 (1º turno),1100700,671,Campo Novo de Rondônia,7748,5565,5565,2183,38,71,5456,28.175,0.6828,1.2758
Presidente 2022 (1º turno),1100940,680,Cujubim,11121,7920,7920,3201,55,113,7752,28.7834,0.6944,1.4268
Presidente 2022 (1º turno),1101757,698,Vale do Anari,6381,4739,4739,1642,31,59,4649,25.7326,0.6541,1.245
Presidente 2022 (1º turno),1101450,701,Parecis,3269,2489,2489,780,16,30,2443,23.8605,0.6428,1.2053
Presidente 2022 (1º turno),1101484,710,São Felipe D Oeste,4435,3420,3420,1015,30,50,3340,22.8861,0.8772,1.462
Presidente 2022 (1º turno),1101476,728,Primavera de Rondônia,2877,2267,2267,610,21,52,2194,21.2026,0.9263,2.2938
Presidente 2022 (1º turno),1100379,736,Alto Alegre dos Parecis,8354,6461,6461,1893,57,116,6288,22.6598,0.8822,1.7954
Presidente 2022 (1º turno),1101435,744,Nova União,5566,4132,4132,1434,27,48,4057,25.7636,0.6534,1.1617
Presidente 2022 (1º turno),1101559,752,Teixeirópolis,4088,3046,3046,1042,28,43,2975,25.4892,0.9192,1.4117
Presidente 2022 (1º turno),1100452,779,Buritis,22959,15865,15865,7094,115,204,15546,30.8986,0.7249,1.2858
Presidente 2022 (1º turno),1101468,787,Pimenteiras do Oeste,1988,1508,1508,480,9,16,1483,24.1449,0.5968,1.061
Presidente 2022 (1º turno),1101492,795,São Francisco do Guaporé,12556,9382,9382,3174,84,89,9209,25.2788,0.8953,0.9486
Presidente 2022 (1º turno),1100924,809,Chupinguaia,7344,5142,5142,2202,47,65,5030,29.9837,0.914,1.2641
Presidente 2022 (2º turno),1100106,19,Guajará-Mirim,28173,20379,20379,7794,155,385,19839,27.6648,0.7606,1.8892
Presidente 2022 (2º turno),1100205,35,Porto Velho,350722,271850,271850,78872,3021,6894,261935,22.4885,1.1113,2.536
Presidente 2022 (2º turno),1100122,51,Ji-Paraná,92356,70203,70203,22153,671,1406,68126,23.9865,0.9558,2.0028
Presidente 2022 (2º turno),1100023,78,Ariquemes,69784,51839,51839,17945,485,940,50414,25.7151,0.9356,1.8133
Presidente 2022 (2º turno),1100049,94,Cacoal,66503,51987,51987,14516,538,1032,50417,21.8276,1.0349,1.9851
Presidente 2022 (2º turno),1100189,116,Pimenta Bueno,26480,20615,20615,5865,238,518,19859,22.1488,1.1545,2.5127
Presidente 2022 (2º turno),1100304,132,Vilhena,65475,50867,50867,14608,516,1639,48712,22.3108,1.0144,3.2221
Presidente 2022 (2º turno),1100114,159,Jaru,43059,30456,30456,12603,336,696,29424,29.2691,1.1032,2.2853
Presidente 2022 (2º turno),1100155,175,Ouro Preto do Oeste,30340,21140,21140,9200,209,428,20503,30.323,0.9886,2.0246
Presidente 2022 (2º turno),1100254,191,Presidente Médici,15599,11652,11652,3947,131,260,11261,25.3029,1.1243,2.2314
Presidente 2022 (2º turno),1100080,213,Costa Marques,9507,6819,6819,2688,39,135,6645,28.2739,0.5719,1.9798
Presidente 2022 (2º turno),1100064,230,Colorado do Oeste,13745,10238,10238,3507,137,242,9859,25.5147,1.3382,2.3637
Presidente 2022 (2º turno),1100098,256,Espigão do Oeste,23903,18420,18420,5483,193,420,17807,22.9385,1.0478,2.2801
Presidente 2022 (2º turno),1100056,272,Cerejeiras,12930,10131,10131,2799,106,181,9844,21.6473,1.0463,1.7866
Presidente 2022 (2º turno),1100288,299,Rolim de Moura,40506,30627,30627,9879,364,726,29537,24.389,1.1885,2.3705
Presidente 2022 (2º turno),1100015,310,Alta Floresta D Oeste,19399,14189,14189,5210,126,336,13727,26.8571,0.888,2.368
Presidente 2022 (2º turno),1100346,337,Alvorada do Oeste,11871,8542,8542,3329,80,223,8239,28.0431,0.9365,2.6106
Presidente 2022 (2º turno),1100296,353,Santa Luzia D Oeste,6835,5047,5047,1788,56,155,4836,26.1595,1.1096,3.0711
Presidente 2022 (2º turno),1100148,370,Nova Brasilândia D Oeste,14085,10648,10648,3437,107,230,10311,24.4018,1.0049,2.16
Presidente 2022 (2º turno),1100130,396,Machadinho D Oeste,23639,16644,16644,6995,131,273,16240,29.5909,0.7871,1.6402
Presidente 2022 (2º turno),1100320,418,São Miguel do Guaporé,17395,12971,12971,4424,129,280,12562,25.4326,0.9945,2.1587
Presidente 2022 (2º turno),1100338,434,Nova Mamoré,18003,13403,13403,4600,89,191,13123,25.5513,0.664,1.4251
Presidente 2022 (2º turno),1100031,450,Cabixi,4781,3621,3621,1160,36,74,3511,24.2627,0.9942,2.0436
Presidente 2022 (2º turno),1100809,477,Candeias do Jamari,18896,13354,13354,5542,103,263,12988,29.329,0.7713,1.9694
Presidente 2022 (2º turno),1101104,493,Itapuã do Oeste,6447,4509,4509,1938,31,100,4378,30.0605,0.6875,2.2178
Presidente 2022 (2º turno),1100502,515,Novo Horizonte do Oeste,6839,5450,5450,1389,57,122,5271,20.31,1.0459,2.2385
Presidente 2022 (2º turno),1100908,531,Castanheiras,3076,2287,2287,789,26,43,2218,25.6502,1.1369,1.8802
Presidente 2022 (2º turno),1101807,558,Vale do Paraíso,6178,4453,4453,1725,34,84,4335,27.9217,0.7635,1.8864
Presidente 2022 (2º turno),1101708,566,Urupá,9543,6864,6864,2679,98,142,6624,28.0729,1.4277,2.0688
Presidente 2022 (2º turno),1101302,574,Mirante da Serra,9138,6529,6529,2609,64,126,6339,28.5511,0.9802,1.9299
Presidente 2022 (2º turno),1101500,582,Seringueiras,10069,7428,7428,2641,79,158,7191,26.229,1.0635,2.1271
Presidente 2022 (2º turno),1101609,590,Theobroma,8054,5753,5753,2301,50,103,5600,28.5697,0.8691,1.7904
Presidente 2022 (2º turno),1101203,604,Ministro Andreazza,6002,4687,4687,1315,34,111,4542,21.9094,0.7254,2.3683
Presidente 2022 (2º turno),1101005,612,Governador Jorge Teixeira,7422,5327,5327,2095,59,103,5165,28.2269,1.1076,1.9335
Presidente 2022 (2º turno),1100601,620,Cacaulândia,3947,3000,3000,947,33,65,2902,23.9929,1.1,2.1667
Presidente 2022 (2º turno),1100403,639,Alto Paraíso,11746,8614,8614,3132,80,129,8405,26.6644,0.9287,1.4976
Presidente 2022 (2º turno),1100262,647,Rio Crespo,3323,2402,2402,921,21,39,2342,27.7159,0.8743,1.6236
Presidente 2022 (2º turno),1100072,655,Corumbiara,5621,4363,4363,1258,47,109,4207,22.3804,1.0772,2.4983
Presidente 2022 (2º turno),1101401,663,Monte Negro,10083,7266,7266,2817,58,137,7071,27.9381,0.7982,1.8855
Presidente 2022 (2º turno),1100700,671,Campo Novo de Rondônia,7748,5567,5567,2181,48,116,5403,28.1492,0.8622,2.0837
Presidente 2022 (2º turno),1100940,680,Cujubim,11120,7733,7733,3387,63,123,7547,30.4586,0.8147,1.5906
Presidente 2022 (2º turno),1101757,698,Vale do Anari,6382,4692,4692,1690,51,98,4543,26.4807,1.087,2.0887
Presidente 2022 (2º turno),1101450,701,Parecis,3269,2393,2393,876,25,59,2309,26.7972,1.0447,2.4655
Presidente 2022 (2º turno),1101484,710,São Felipe D Oeste,4437,3538,3538,899,60,110,3368,20.2614,1.6959,3.1091
Presidente 2022 (2º turno),1101476,728,Primavera de Rondônia,2877,2276,2276,601,29,58,2189,20.8898,1.2742,2.5483
Presidente 2022 (2º turno),1100379,736,Alto Alegre dos Parecis,8354,6507,6507,1847,73,208,6226,22.1092,1.1219,3.1966
Presidente 2022 (2º turno),1101435,744,Nova União,5566,4180,4180,1386,38,103,4039,24.9012,0.9091,2.4641
Presidente 2022 (2º turno),1101559,752,Teixeirópolis,4088,3068,3068,1020,34,46,2988,24.9511,1.1082,1.4993
Presidente 2022 (2º turno),1100452,779,Buritis,22967,16130,16130,6837,114,277,15739,29.7688,0.7068,1.7173
Presidente 2022 (2º turno),1101468,787,Pimenteiras do Oeste,1989,1467,1467,522,14,15,1438,26.2443,0.9543,1.0225
Presidente 2022 (2º turno),1101492,795,São Francisco do Guaporé,12557,9322,9322,3235,77,141,9104,25.7625,0.826,1.5126
Presidente 2022 (2º turno),1100924,809,Chupinguaia,7344,5070,5070,2274,35,97,4938,30.9641,0.6903,1.9132
Presidente 2026 (1º turno),1100106,19,Guajará-Mirim,28928,21913,21913,7015,178,286,21449,24.2499,0.8123,1.3052
Presidente 2026 (1º turno),1100205,35,Porto Velho,367902,294402,294402,73500,3368,4677,286357,19.9781,1.144,1.5886
Presidente 2026 (1º turno),1100122,51,Ji-Paraná,97939,75611,75611,22328,689,820,74102,22.7979,0.9112,1.0845
Presidente 2026 (1º turno),1100023,78,Ariquemes,72512,55662,55662,16850,493,574,54595,23.2375,0.8857,1.0312
Presidente 2026 (1º turno),1100049,94,Cacoal,69974,55032,55032,14942,527,686,53819,21.3536,0.9576,1.2465
Presidente 2026 (1º turno),1100189,116,Pimenta Bueno,27485,21373,21373,6112,227,356,20790,22.2376,1.0621,1.6657
Presidente 2026 (1º turno),1100304,132,Vilhena,71595,54600,54600,16995,601,741,53258,23.7377,1.1007,1.3571
Presidente 2026 (1º turno),1100114,159,Jaru,41260,31705,31705,9555,319,418,30968,23.158,1.0062,1.3184
Presidente 2026 (1º turno),1100155,175,Ouro Preto do Oeste,28282,21828,21828,6454,190,284,21354,22.8202,0.8704,1.3011
Presidente 2026 (1º turno),1100254,191,Presidente Médici,15677,12105,12105,3572,143,138,11824,22.785,1.1813,1.14
Presidente 2026 (1º turno),1100080,213,Costa Marques,9103,7045,7045,2058,58,82,6905,22.6079,0.8233,1.1639
Presidente 2026 (1º turno),1100064,230,Colorado do Oeste,13478,10147,10147,3331,144,138,9865,24.7143,1.4191,1.36
Presidente 2026 (1º turno),1100098,256,Espigão do Oeste,23348,18412,18412,4936,187,201,18024,21.141,1.0156,1.0917
Presidente 2026 (1º turno),1100056,272,Cerejeiras,13278,10411,10411,2867,66,110,10235,21.5921,0.6339,1.0566
Presidente 2026 (1º turno),1100288,299,Rolim de Moura,41088,31364,31364,9724,392,447,30525,23.6663,1.2498,1.4252
Presidente 2026 (1º turno),1100015,310,Alta Floresta D Oeste,18187,14352,14352,3835,163,174,14015,21.0865,1.1357,1.2124
Presidente 2026 (1º turno),1100346,337,Alvorada do Oeste,11029,8678,8678,2351,75,122,8481,21.3165,0.8643,1.4059
Presidente 2026 (1º turno),1100296,353,Santa Luzia D Oeste,6813,5330,5330,1483,77,78,5175,21.7672,1.4447,1.4634
Presidente 2026 (1º turno),1100148,370,Nova Brasilândia D Oeste,13407,11035,11035,2372,92,122,10821,17.6923,0.8337,1.1056
Presidente 2026 (1º turno),1100130,396,Machadinho D Oeste,25008,18517,18517,6491,145,157,18215,25.9557,0.7831,0.8479
Presidente 2026 (1º turno),1100320,418,São Miguel do Guaporé,17091,13734,13734,3357,138,160,13436,19.6419,1.0048,1.165
Presidente 2026 (1º turno),1100338,434,Nova Mamoré,19455,15240,15240,4215,103,145,14992,21.6654,0.6759,0.9514
Presidente 2026 (1º turno),1100031,450,Cabixi,4950,3952,3952,998,33,48,3871,20.1616,0.835,1.2146
Presidente 2026 (1º turno),1100809,477,Candeias do Jamari,20465,15520,15520,4945,108,216,15196,24.1632,0.6959,1.3918
Presidente 2026 (1º turno),1101104,493,Itapuã do Oeste,7204,5443,5443,1761,44,61,5338,24.4448,0.8084,1.1207
Presidente 2026 (1º turno),1100502,515,Novo Horizonte do Oeste,7035,5835,5835,1200,57,62,5716,17.0576,0.9769,1.0626
Presidente 2026 (1º turno),1100908,531,Castanheiras,3409,2715,2715,694,24,37,2654,20.3579,0.884,1.3628
Presidente 2026 (1º turno),1101807,558,Vale do Paraíso,5538,4413,4413,1125,28,62,4323,20.3142,0.6345,1.4049
Presidente 2026 (1º turno),1101708,566,Urupá,9186,7305,7305,1881,71,91,7143,20.4768,0.9719,1.2457
Presidente 2026 (1º turno),1101302,574,Mirante da Serra,8333,6666,6666,1667,66,104,6496,20.0048,0.9901,1.5602
Presidente 2026 (1º turno),1101500,582,Seringueiras,9666,7884,7884,1782,69,83,7732,18.4358,0.8752,1.0528
Presidente 2026 (1º turno),1101609,590,Theobroma,7587,6027,6027,1560,46,70,5911,20.5615,0.7632,1.1614
Presidente 2026 (1º turno),1101203,604,Ministro Andreazza,6153,4931,4931,1222,53,65,4813,19.8602,1.0748,1.3182
Presidente 2026 (1º turno),1101005,612,Governador Jorge Teixeira,7203,5760,5760,1443,42,84,5634,20.0333,0.7292,1.4583
Presidente 2026 (1º turno),1100601,620,Cacaulândia,3901,3101,3101,800,26,41,3034,20.5076,0.8384,1.3222
Presidente 2026 (1º turno),1100403,639,Alto Paraíso,12087,9423,9423,2664,80,117,9226,22.0402,0.849,1.2416
Presidente 2026 (1º turno),1100262,647,Rio Crespo,3508,2681,2681,827,26,26,2629,23.5747,0.9698,0.9698
Presidente 2026 (1º turno),1100072,655,Corumbiara,5751,4586,4586,1165,39,51,4496,20.2573,0.8504,1.1121
Presidente 2026 (1º turno),1101401,663,Monte Negro,10191,7825,7825,2366,47,93,7685,23.2166,0.6006,1.1885
Presidente 2026 (1º turno),1100700,671,Campo Novo de Rondônia,7516,5914,5914,1602,40,49,5825,21.3145,0.6764,0.8285
Presidente 2026 (1º turno),1100940,680,Cujubim,11176,8618,8618,2558,67,98,8453,22.8883,0.7774,1.1372
Presidente 2026 (1º turno),1101757,698,Vale do Anari,6627,5176,5176,1451,27,64,5085,21.8953,0.5216,1.2365
Presidente 2026 (1º turno),1101450,701,Parecis,3875,2961,2961,914,17,42,2902,23.5871,0.5741,1.4184
Presidente 2026 (1º turno),1101484,710,São Felipe D Oeste,4530,3615,3615,915,45,61,3509,20.1987,1.2448,1.6874
Presidente 2026 (1º turno),1101476,728,Primavera de Rondônia,3047,2502,2502,545,26,40,2436,17.8864,1.0392,1.5987
Presidente 2026 (1º turno),1100379,736,Alto Alegre dos Parecis,8837,7063,7063,1774,84,91,6888,20.0747,1.1893,1.2884
Presidente 2026 (1º turno),1101435,744,Nova União,5350,4351,4351,999,34,42,4275,18.6729,0.7814,0.9653
Presidente 2026 (1º turno),1101559,752,Teixeirópolis,3927,3174,3174,753,32,37,3105,19.1749,1.0082,1.1657
Presidente 2026 (1º turno),1100452,779,Buritis,23318,17787,17787,5531,120,189,17478,23.7199,0.6747,1.0626
Presidente 2026 (1º turno),1101468,787,Pimenteiras do Oeste,2286,1758,1758,528,6,16,1736,23.0971,0.3413,0.9101
Presidente 2026 (1º turno),1101492,795,São Francisco do Guaporé,12702,10099,10099,2603,70,92,9937,20.4928,0.6931,0.911
Presidente 2026 (1º turno),1100924,809,Chupinguaia,7696,5499,5499,2197,44,61,5394,28.5473,0.8001,1.1093
Senador 2026,1100106,19,Guajará-Mirim,28924,21909,43818,7015,1331,4079,38408,24.2532,3.0376,9.309
Senador 2026,1100205,35,Porto Velho,367053,293667,587334,73386,32211,50549,504574,19.9933,5.4843,8.6065
Senador 2026,1100122,51,Ji-Paraná,97933,75605,151210,22328,5162,8292,137756,22.7993,3.4138,5.4838
Senador 2026,1100023,78,Ariquemes,72511,55661,111322,16850,4515,6063,100744,23.2379,4.0558,5.4464
Senador 2026,1100049,94,Cacoal,69972,55030,110060,14942,4836,7183,98041,21.3543,4.394,6.5264
Senador 2026,1100189,116,Pimenta Bueno,27485,21373,42746,6112,1982,2783,37981,22.2376,4.6367,6.5106
Senador 2026,1100304,132,Vilhena,71590,54595,109190,16995,5983,7144,96063,23.7393,5.4794,6.5427
Senador 2026,1100114,159,Jaru,41256,31702,63404,9554,2381,3819,57204,23.1578,3.7553,6.0233
Senador 2026,1100155,175,Ouro Preto do Oeste,28281,21827,43654,6454,1474,2600,39580,22.821,3.3766,5.9559
Senador 2026,1100254,191,Presidente Médici,15677,12105,24210,3572,885,1450,21875,22.785,3.6555,5.9893
Senador 2026,1100080,213,Costa Marques,9103,7045,14090,2058,325,857,12908,22.6079,2.3066,6.0823
Senador 2026,1100064,230,Colorado do Oeste,13477,10146,20292,3331,842,1475,17975,24.7162,4.1494,7.2689
Senador 2026,1100098,256,Espigão do Oeste,23348,18412,36824,4936,1740,2507,32577,21.141,4.7252,6.8081
Senador 2026,1100056,272,Cerejeiras,13276,10409,20818,2867,672,1192,18954,21.5954,3.228,5.7258
Senador 2026,1100288,299,Rolim de Moura,41088,31364,62728,9724,3317,4115,55296,23.6663,5.2879,6.5601
Senador 2026,1100015,310,Alta Floresta D Oeste,18187,14352,28704,3835,992,2050,25662,21.0865,3.456,7.1419
Senador 2026,1100346,337,Alvorada do Oeste,11029,8678,17356,2351,438,1042,15876,21.3165,2.5236,6.0037
Senador 2026,1100296,353,Santa Luzia D Oeste,6813,5330,10660,1483,405,701,9554,21.7672,3.7992,6.576
Senador 2026,1100148,370,Nova Brasilândia D Oeste,13407,11035,22070,2372,727,1346,19997,17.6923,3.2941,6.0988
Senador 2026,1100130,396,Machadinho D Oeste,25006,18516,37032,6490,894,2093,34045,25.9538,2.4141,5.6519
Senador 2026,1100320,418,São Miguel do Guaporé,17090,13733,27466,3357,921,1615,24930,19.6431,3.3532,5.88
Senador 2026,1100338,434,Nova Mamoré,19454,15239,30478,4215,705,1911,27862,21.6665,2.3131,6.2701
Senador 2026,1100031,450,Cabixi,4949,3952,7904,997,256,503,7145,20.1455,3.2389,6.3639
Senador 2026,1100809,477,Candeias do Jamari,20465,15520,31040,4945,1095,2069,27876,24.1632,3.5277,6.6656
Senador 2026,1101104,493,Itapuã do Oeste,7204,5443,10886,1761,366,654,9866,24.4448,3.3621,6.0077
Senador 2026,1100502,515,Novo Horizonte do Oeste,7035,5835,11670,1200,344,780,10546,17.0576,2.9477,6.6838
Senador 2026,1100908,531,Castanheiras,3409,2715,5430,694,116,331,4983,20.3579,2.1363,6.0958
Senador 2026,1101807,558,Vale do Paraíso,5538,4413,8826,1125,156,559,8111,20.3142,1.7675,6.3336
Senador 2026,1101708,566,Urupá,9186,7305,14610,1881,427,884,13299,20.4768,2.9227,6.0507
Senador 2026,1101302,574,Mirante da Serra,8333,6666,13332,1667,369,931,12032,20.0048,2.7678,6.9832
Senador 2026,1101500,582,Seringueiras,9665,7884,15768,1781,451,938,14379,18.4273,2.8602,5.9488
Senador 2026,1101609,590,Theobroma,7587,6027,12054,1560,245,766,11043,20.5615,2.0325,6.3547
Senador 2026,1101203,604,Ministro Andreazza,6153,4931,9862,1222,353,652,8857,19.8602,3.5794,6.6112
Senador 2026,1101005,612,Governador Jorge Teixeira,7202,5759,11518,1443,296,827,10395,20.0361,2.5699,7.1801
Senador 2026,1100601,620,Cacaulândia,3901,3101,6202,800,154,341,5707,20.5076,2.4831,5.4982
Senador 2026,1100403,639,Alto Paraíso,12087,9423,18846,2664,605,1199,17042,22.0402,3.2102,6.3621
Senador 2026,1100262,647,Rio Crespo,3508,2681,5362,827,131,271,4960,23.5747,2.4431,5.0541
Senador 2026,1100072,655,Corumbiara,5751,4586,9172,1165,295,669,8208,20.2573,3.2163,7.2939
Senador 2026,1101401,663,Monte Negro,10191,7825,15650,2366,359,960,14331,23.2166,2.2939,6.1342
Senador 2026,1100700,671,Campo Novo de Rondônia,7516,5914,11828,1602,250,656,10922,21.3145,2.1136,5.5462
Senador 2026,1100940,680,Cujubim,11176,8618,17236,2558,418,899,15919,22.8883,2.4252,5.2158
Senador 2026,1101757,698,Vale do Anari,6627,5176,10352,1451,170,646,9536,21.8953,1.6422,6.2403
Senador 2026,1101450,701,Parecis,3875,2961,5922,914,116,401,5405,23.5871,1.9588,6.7714
Senador 2026,1101484,710,São Felipe D Oeste,4530,3615,7230,915,201,505,6524,20.1987,2.7801,6.9848
Senador 2026,1101476,728,Primavera de Rondônia,3046,2501,5002,545,122,286,4594,17.8923,2.439,5.7177
Senador 2026,1100379,736,Alto Alegre dos Parecis,8837,7063,14126,1774,515,1066,12545,20.0747,3.6458,7.5464
Senador 2026,1101435,744,Nova União,5350,4351,8702,999,207,558,7937,18.6729,2.3788,6.4123
Senador 2026,1101559,752,Teixeirópolis,3927,3174,6348,753,221,488,5639,19.1749,3.4814,7.6875
Senador 2026,1100452,779,Buritis,23317,17786,35572,5531,995,2093,32484,23.7209,2.7971,5.8838
Senador 2026,1101468,787,Pimenteiras do Oeste,2285,1757,3514,528,79,136,3299,23.1072,2.2482,3.8702
Senador 2026,1101492,795,São Francisco do Guaporé,12702,10099,20198,2603,577,1096,18525,20.4928,2.8567,5.4263
Senador 2026,1100924,809,Chupinguaia,7696,5499,10998,2197,306,765,9927,28.5473,2.7823,6.9558
Vereador 2020,1100106,19,Guajará-Mirim,27740,19986,19986,7754,376,448,19162,27.9524,1.8813,2.2416
Vereador 2020,1100205,35,Porto Velho,333031,241180,241180,91851,8647,10919,221614,27.5803,3.5853,4.5273
Vereador 2020,1100122,51,Ji-Paraná,88732,62074,62074,26658,1879,2074,58121,30.0433,3.027,3.3412
Vereador 2020,1100023,78,Ariquemes,66872,45411,45411,21461,1571,2577,41263,32.0927,3.4595,5.6748
Vereador 2020,1100049,94,Cacoal,63487,45785,45785,17702,1344,1205,43236,27.8829,2.9355,2.6319
Vereador 2020,1100189,116,Pimenta Bueno,25416,18219,18219,7197,741,774,16704,28.3168,4.0672,4.2483
Vereador 2020,1100304,132,Vilhena,61182,44704,44704,16478,1571,1764,41369,26.9328,3.5142,3.946
Vereador 2020,1100114,159,Jaru,42758,30193,30193,12565,667,962,28564,29.3863,2.2091,3.1862
Vereador 2020,1100155,175,Ouro Preto do Oeste,30390,20712,20712,9678,489,881,19342,31.846,2.361,4.2536
Vereador 2020,1100254,191,Presidente Médici,15389,11257,11257,4132,276,301,10680,26.8503,2.4518,2.6739
Vereador 2020,1100080,213,Costa Marques,9364,6761,6761,2603,112,182,6467,27.7979,1.6566,2.6919
Vereador 2020,1100064,230,Colorado do Oeste,13510,9645,9645,3865,273,481,8891,28.6084,2.8305,4.987
Vereador 2020,1100098,256,Espigão do Oeste,23496,17121,17121,6375,468,794,15859,27.1323,2.7335,4.6376
Vereador 2020,1100056,272,Cerejeiras,12546,9534,9534,3012,206,220,9108,24.0077,2.1607,2.3075
Vereador 2020,1100288,299,Rolim de Moura,39338,27337,27337,12001,980,1260,25097,30.5074,3.5849,4.6091
Vereador 2020,1100015,310,Alta Floresta D Oeste,19478,14015,14015,5463,294,495,13226,28.047,2.0978,3.5319
Vereador 2020,1100346,337,Alvorada do Oeste,11941,8654,8654,3287,149,504,8001,27.527,1.7217,5.8239
Vereador 2020,1100296,353,Santa Luzia D Oeste,6757,5320,5320,1437,66,284,4970,21.2668,1.2406,5.3383
Vereador 2020,1100148,370,Nova Brasilândia D Oeste,14097,10204,10204,3893,198,257,9749,27.6158,1.9404,2.5186
Vereador 2020,1100130,396,Machadinho D Oeste,22666,15559,15559,7107,232,353,14974,31.3553,1.4911,2.2688
Vereador 2020,1100320,418,São Miguel do Guaporé,17465,12742,12742,4723,203,236,12303,27.0427,1.5932,1.8521
Vereador 2020,1100338,434,Nova Mamoré,17335,12626,12626,4709,230,453,11943,27.1647,1.8216,3.5878
Vereador 2020,1100031,450,Cabixi,4681,3774,3774,907,38,64,3672,19.3762,1.0069,1.6958
Vereador 2020,1100809,477,Candeias do Jamari,18023,13288,13288,4735,190,524,12574,26.272,1.4299,3.9434
Vereador 2020,1101104,493,Itapuã do Oeste,6397,4564,4564,1833,58,146,4360,28.6541,1.2708,3.1989
Vereador 2020,1100502,515,Novo Horizonte do Oeste,6700,5431,5431,1269,58,145,5228,18.9403,1.0679,2.6699
Vereador 2020,1100908,531,Castanheiras,3116,2471,2471,645,38,33,2400,20.6996,1.5378,1.3355
Vereador 2020,1101807,558,Vale do Paraíso,6202,4732,4732,1470,57,168,4507,23.702,1.2046,3.5503
Vereador 2020,1101708,566,Urupá,9749,7182,7182,2567,97,253,6832,26.3309,1.3506,3.5227
Vereador 2020,1101302,574,Mirante da Serra,9156,6753,6753,2403,100,106,6547,26.2451,1.4808,1.5697
Vereador 2020,1101500,582,Seringueiras,9997,7493,7493,2504,113,141,7239,25.0475,1.5081,1.8818
Vereador 2020,1101609,590,Theobroma,8175,6217,6217,1958,58,262,5897,23.9511,0.9329,4.2143
Vereador 2020,1101203,604,Ministro Andreazza,6115,4914,4914,1201,58,161,4695,19.6402,1.1803,3.2764
Vereador 2020,1101005,612,Governador Jorge Teixeira,7559,5843,5843,1716,38,100,5705,22.7014,0.6504,1.7114
Vereador 2020,1100601,620,Cacaulândia,3963,3122,3122,841,21,63,3038,21.2213,0.6726,2.0179
Vereador 2020,1100403,639,Alto Paraíso,11766,8640,8640,3126,146,205,8289,26.5681,1.6898,2.3727
Vereador 2020,1100262,647,Rio Crespo,3412,2644,2644,768,25,247,2372,22.5088,0.9455,9.3419
Vereador 2020,1100072,655,Corumbiara,5612,4516,4516,1096,74,150,4292,19.5296,1.6386,3.3215
Vereador 2020,1101401,663,Monte Negro,9949,7134,7134,2815,76,194,6864,28.2943,1.0653,2.7194
Vereador 2020,1100700,671,Campo Novo de Rondônia,7773,5491,5491,2282,83,116,5292,29.358,1.5116,2.1125
Vereador 2020,1100940,680,Cujubim,10544,7755,7755,2789,77,132,7546,26.4511,0.9929,1.7021
Vereador 2020,1101757,698,Vale do Anari,6335,4817,4817,1518,48,115,4654,23.9621,0.9965,2.3874
Vereador 2020,1101450,701,Parecis,3279,2687,2687,592,15,57,2615,18.0543,0.5582,2.1213
Vereador 2020,1101484,710,São Felipe D Oeste,4376,3643,3643,733,33,81,3529,16.7505,0.9058,2.2234
Vereador 2020,1101476,728,Primavera de Rondônia,2803,2216,2216,587,27,51,2138,20.9418,1.2184,2.3014
Vereador 2020,1100379,736,Alto Alegre dos Parecis,8093,6306,6306,1787,115,172,6019,22.0808,1.8237,2.7276
Vereador 2020,1101435,744,Nova União,5564,4227,4227,1337,50,111,4066,24.0295,1.1829,2.626
Vereador 2020,1101559,752,Teixeirópolis,4110,3192,3192,918,31,31,3130,22.3358,0.9712,0.9712
Vereador 2020,1100452,779,Buritis,22608,14804,14804,7804,350,321,14133,34.5188,2.3642,2.1683
Vereador 2020,1101468,787,Pimenteiras do Oeste,1944,1642,1642,302,6,24,1612,15.535,0.3654,1.4616
Vereador 2020,1101492,795,São Francisco do Guaporé,12248,9342,9342,2906,166,284,8892,23.7263,1.7769,3.04
Vereador 2020,1100924,809,Chupinguaia,7266,5522,5522,1744,63,119,5340,24.0022,1.1409,2.155
Vereador 2024,1100106,19,Guajará-Mirim,29557,21845,21845,7712,308,495,21042,26.092,1.4099,2.266
Vereador 2024,1100205,35,Porto Velho,362248,268585,268585,93663,7104,6067,255414,25.856,2.645,2.2589
Vereador 2024,1100122,51,Ji-Paraná,96959,70079,70079,26880,1448,1578,67053,27.7231,2.0662,2.2517
Vereador 2024,1100023,78,Ariquemes,73201,51262,51262,21939,1353,926,48983,29.9709,2.6394,1.8064
Vereador 2024,1100049,94,Cacoal,69088,50596,50596,18492,1468,989,48139,26.7659,2.9014,1.9547
Vereador 2024,1100189,116,Pimenta Bueno,27556,20869,20869,6687,434,428,20007,24.2669,2.0796,2.0509
Vereador 2024,1100304,132,Vilhena,69345,47659,47659,21686,1997,5029,40633,31.2726,4.1902,10.552
Vereador 2024,1100114,159,Jaru,40937,30502,30502,10435,528,415,29559,25.4904,1.731,1.3606
Vereador 2024,1100155,175,Ouro Preto do Oeste,28501,21162,21162,7339,359,435,20368,25.75,1.6964,2.0556
Vereador 2024,1100254,191,Presidente Médici,16053,11793,11793,4260,203,181,11409,26.5371,1.7214,1.5348
Vereador 2024,1100080,213,Costa Marques,9126,7044,7044,2082,62,99,6883,22.8139,0.8802,1.4055
Vereador 2024,1100064,230,Colorado do Oeste,14029,10010,10010,4019,194,994,8822,28.6478,1.9381,9.9301
Vereador 2024,1100098,256,Espigão do Oeste,23943,17884,17884,6059,385,325,17174,25.3059,2.1528,1.8173
Vereador 2024,1100056,272,Cerejeiras,13193,10016,10016,3177,168,130,9718,24.081,1.6773,1.2979
Vereador 2024,1100288,299,Rolim de Moura,41369,28839,28839,12530,778,1495,26566,30.2884,2.6977,5.184
Vereador 2024,1100015,310,Alta Floresta D Oeste,18186,13951,13951,4235,194,234,13523,23.2871,1.3906,1.6773
Vereador 2024,1100346,337,Alvorada do Oeste,10984,8622,8622,2362,96,190,8336,21.504,1.1134,2.2037
Vereador 2024,1100296,353,Santa Luzia D Oeste,7037,5312,5312,1725,62,406,4844,24.5133,1.1672,7.6431
Vereador 2024,1100148,370,Nova Brasilândia D Oeste,13444,11013,11013,2431,202,201,10610,18.0824,1.8342,1.8251
Vereador 2024,1100130,396,Machadinho D Oeste,24922,17561,17561,7361,219,235,17107,29.5362,1.2471,1.3382
Vereador 2024,1100320,418,São Miguel do Guaporé,17052,13522,13522,3530,207,261,13054,20.7014,1.5308,1.9302
Vereador 2024,1100338,434,Nova Mamoré,20216,15520,15520,4696,154,293,15073,23.2291,0.9923,1.8879
Vereador 2024,1100031,450,Cabixi,5006,3957,3957,1049,32,46,3879,20.9549,0.8087,1.1625
Vereador 2024,1100809,477,Candeias do Jamari,21402,15946,15946,5456,198,1298,14450,25.4929,1.2417,8.14
Vereador 2024,1101104,493,Itapuã do Oeste,7280,5607,5607,1673,38,69,5500,22.9808,0.6777,1.2306
Vereador 2024,1100502,515,Novo Horizonte do Oeste,7188,5933,5933,1255,57,100,5776,17.4597,0.9607,1.6855
Vereador 2024,1100908,531,Castanheiras,3623,2999,2999,624,28,31,2940,17.2233,0.9336,1.0337
Vereador 2024,1101807,558,Vale do Paraíso,5784,4675,4675,1109,38,125,4512,19.1736,0.8128,2.6738
Vereador 2024,1101708,566,Urupá,9303,7393,7393,1910,89,115,7189,20.531,1.2038,1.5555
Vereador 2024,1101302,574,Mirante da Serra,8515,6750,6750,1765,74,95,6581,20.7281,1.0963,1.4074
Vereador 2024,1101500,582,Seringueiras,9620,7780,7780,1840,62,95,7623,19.1268,0.7969,1.2211
Vereador 2024,1101609,590,Theobroma,7880,6351,6351,1529,45,83,6223,19.4036,0.7085,1.3069
Vereador 2024,1101203,604,Ministro Andreazza,6321,5067,5067,1254,56,70,4941,19.8386,1.1052,1.3815
Vereador 2024,1101005,612,Governador Jorge Teixeira,7392,5980,5980,1412,70,682,5228,19.1017,1.1706,11.4047
Vereador 2024,1100601,620,Cacaulândia,4126,3219,3219,907,23,48,3148,21.9825,0.7145,1.4911
Vereador 2024,1100403,639,Alto Paraíso,12398,9341,9341,3057,106,124,9111,24.6572,1.1348,1.3275
Vereador 2024,1100262,647,Rio Crespo,3811,3056,3056,755,21,31,3004,19.8111,0.6872,1.0144
Vereador 2024,1100072,655,Corumbiara,5841,4604,4604,1237,88,75,4441,21.1779,1.9114,1.629
Vereador 2024,1101401,663,Monte Negro,10598,7781,7781,2817,83,262,7436,26.5805,1.0667,3.3672
Vereador 2024,1100700,671,Campo Novo de Rondônia,7826,5768,5768,2058,82,95,5591,26.297,1.4216,1.647
Vereador 2024,1100940,680,Cujubim,11617,8595,8595,3022,70,387,8138,26.0136,0.8144,4.5026
Vereador 2024,1101757,698,Vale do Anari,6722,5264,5264,1458,43,64,5157,21.69,0.8169,1.2158
Vereador 2024,1101450,701,Parecis,4052,3415,3415,637,24,38,3353,15.7206,0.7028,1.1127
Vereador 2024,1101484,710,São Felipe D Oeste,4622,3729,3729,893,37,59,3633,19.3206,0.9922,1.5822
Vereador 2024,1101476,728,Primavera de Rondônia,3044,2573,2573,471,22,37,2514,15.4731,0.855,1.438
Vereador 2024,1100379,736,Alto Alegre dos Parecis,8940,6994,6994,1946,138,182,6674,21.7673,1.9731,2.6022
Vereador 2024,1101435,744,Nova União,5420,4376,4376,1044,46,43,4287,19.262,1.0512,0.9826
Vereador 2024,1101559,752,Teixeirópolis,4018,3275,3275,743,34,34,3207,18.4918,1.0382,1.0382
Vereador 2024,1100452,779,Buritis,24145,16420,16420,7725,257,240,15923,31.9942,1.5652,1.4616
Vereador 2024,1101468,787,Pimenteiras do Oeste,2351,1973,1973,378,4,15,1954,16.0783,0.2027,0.7603
Vereador 2024,1101492,795,São Francisco do Guaporé,12680,10173,10173,2507,102,144,9927,19.7713,1.0027,1.4155
Vereador 2024,1100924,809,Chupinguaia,8075,6085,6085,1990,50,64,5971,24.644,0.8217,1.0518
