disp,cd_tse,aptos,comparec,abst,brancos,nulos,validos
gov22,16004,5077,4248,829,199,363,3686
gov22,16012,9204,7415,1789,241,568,6606
gov22,16020,11228,9735,1493,393,543,8799
gov22,16039,43395,35766,7629,1684,2269,31813
gov22,16047,5175,4300,875,169,326,3805
gov22,16055,9841,7983,1858,287,499,7197
gov22,16063,8758,7245,1513,249,547,6449
gov22,16071,2780,2333,447,218,186,1929
gov22,16080,6571,5319,1252,244,291,4784
gov22,16098,11252,9117,2135,309,556,8252
gov22,16101,3590,2767,823,103,201,2463
gov22,16110,5124,4312,812,284,280,3748
gov22,16128,3990,3358,632,136,216,3006
gov22,16136,11340,9177,2163,488,764,7925
gov22,16144,3131,2693,438,111,210,2372
gov22,16152,9837,8175,1662,368,534,7273
gov22,16160,3066,2553,513,109,211,2233
gov22,16179,5651,4854,797,239,332,4283
gov22,16187,3855,2929,926,132,288,2509
gov22,16195,28894,24760,4134,1728,2037,20995
gov22,16209,4042,3424,618,159,226,3039
gov22,16217,21255,17105,4150,1033,1816,14256
gov22,16225,6604,5335,1269,253,422,4660
gov22,16233,10920,9184,1736,432,800,7952
gov22,16241,4508,3746,762,106,231,3409
gov22,16250,8512,7089,1423,368,563,6158
gov22,16268,9821,8268,1553,319,597,7352
gov22,16276,7112,5652,1460,344,422,4886
gov22,16284,4835,4016,819,145,267,3604
gov22,16292,4628,3763,865,102,308,3353
gov22,16306,4222,3471,751,143,230,3098
gov22,16314,4807,4045,762,169,245,3631
gov22,16330,8693,7050,1643,202,440,6408
gov22,16357,10055,7954,2101,369,726,6859
gov22,16373,3656,3141,515,94,191,2856
gov22,16390,44503,37163,7340,1748,2914,32501
gov22,16411,8237,6810,1427,284,543,5983
gov22,16438,23992,19103,4889,1416,1883,15804
gov22,16454,18965,15456,3509,958,1105,13393
gov22,16470,5977,4997,980,274,620,4103
gov22,16497,8716,7220,1496,403,727,6090
gov22,16519,56372,46552,9820,2207,3399,40946
gov22,16535,9148,7116,2032,267,619,6230
gov22,16551,4753,3674,1079,252,401,3021
gov22,16578,4010,3250,760,179,344,2727
gov22,16594,6773,5457,1316,235,472,4750
gov22,16616,31640,25270,6370,1013,2001,22256
gov22,16632,5884,4925,959,150,320,4455
gov22,16659,4716,3973,743,153,297,3523
gov22,16675,4627,3851,776,233,498,3120
gov22,16691,7533,6019,1514,281,420,5318
gov22,16713,28001,23715,4286,938,1733,21044
gov22,16730,6660,5833,827,354,328,5151
gov22,16756,8054,6746,1308,190,563,5993
gov22,16772,2776,2302,474,84,174,2044
gov22,16799,2553,2161,392,64,137,1960
gov22,16810,21033,17262,3771,957,1480,14825
gov22,16837,11878,9873,2005,830,1099,7944
gov22,16853,8754,7559,1195,325,474,6760
gov22,16870,15243,12134,3109,618,853,10663
gov22,16896,10965,9077,1888,287,551,8239
gov22,16918,12575,10330,2245,440,618,9272
gov22,16934,1996,1730,266,61,81,1588
gov22,16950,4912,4060,852,146,245,3669
gov22,16977,6035,4892,1143,235,544,4113
gov22,16993,5620,4819,801,185,352,4282
gov22,17019,4337,3593,744,220,224,3149
gov22,17035,7496,6203,1293,256,581,5366
gov22,17051,5516,4436,1080,163,314,3959
gov22,17078,2841,2461,380,66,149,2246
gov22,17094,10480,8867,1613,681,842,7344
gov22,17116,9957,8459,1498,427,1030,7002
gov22,17132,25407,21304,4103,1233,1618,18453
gov22,17159,3139,2484,655,69,150,2265
gov22,17175,5196,4236,960,318,361,3557
gov22,17191,15048,12636,2412,412,795,11429
gov22,17213,4412,3828,584,190,263,3375
gov22,17230,5670,4607,1063,181,363,4063
gov22,17256,7351,5942,1409,210,474,5258
gov22,17272,3187,2599,588,99,230,2270
gov22,17299,12201,9616,2585,590,834,8192
gov22,17310,9318,7517,1801,362,736,6419
gov22,17337,8816,7213,1603,199,482,6532
gov22,17353,5071,4272,799,144,339,3789
gov22,17370,3359,2890,469,166,179,2545
gov22,17396,7420,5802,1618,487,691,4624
gov22,17418,52314,43365,8949,1774,3407,38184
gov22,17434,22323,17441,4882,1027,1254,15160
gov22,17450,6691,5660,1031,252,367,5041
gov22,17477,6869,5612,1257,234,481,4897
gov22,17493,9268,7714,1554,264,509,6941
gov22,17515,4067,3333,734,122,164,3047
gov22,17531,9097,7308,1789,415,530,6363
gov22,17558,17083,13835,3248,668,1118,12049
gov22,17574,2732,2285,447,35,179,2071
gov22,17590,183013,149758,33255,8426,12062,129270
gov22,17612,582298,465181,117117,17623,35096,412462
gov22,17639,21155,17414,3741,680,1178,15556
gov22,17655,26488,21286,5202,1458,1858,17970
gov22,17671,4325,3564,761,346,288,2930
gov22,17698,4215,3645,570,177,390,3078
gov22,17710,4073,3212,861,145,202,2865
gov22,17736,4307,3661,646,144,231,3286
gov22,17752,5057,4209,848,156,288,3765
gov22,17779,16860,14333,2527,848,1483,12002
gov22,17795,136839,113592,23247,4998,7775,100819
gov22,17817,9256,7654,1602,297,713,6644
gov22,17833,3482,3076,406,78,258,2740
gov22,17850,9357,7917,1440,455,544,6918
gov22,17876,20207,17072,3135,734,1140,15198
gov22,17892,4024,3343,681,104,190,3049
gov22,17914,3215,2707,508,87,184,2436
gov22,17930,6605,4891,1714,199,396,4296
gov22,17957,11591,9385,2206,577,931,7877
gov22,17973,10701,8821,1880,506,627,7688
gov22,17990,3551,2799,752,117,157,2525
gov22,18015,11029,9157,1872,438,685,8034
gov22,18031,6350,5412,938,180,458,4774
gov22,18058,8340,6810,1530,187,445,6178
gov22,18074,7879,6397,1482,265,493,5639
gov22,18090,4791,4077,714,219,292,3566
gov22,18112,2761,2356,405,57,111,2188
gov22,18139,3734,3124,610,127,221,2776
gov22,18155,6208,5346,862,122,285,4939
gov22,18171,4147,3482,665,112,182,3188
gov22,18198,3956,3238,718,55,186,2997
gov22,18210,4000,3241,759,211,239,2791
gov22,18236,25969,21529,4440,1016,1965,18548
gov22,18252,2565,2231,334,94,172,1965
gov22,18279,11208,9144,2064,381,693,8070
gov22,18295,17820,14957,2863,733,1349,12875
gov22,18317,3716,3082,634,89,192,2801
gov22,18333,4221,3345,876,130,310,2905
gov22,18350,3477,3021,456,111,245,2665
gov22,18376,72840,60909,11931,2418,4397,54094
gov22,18392,5142,4425,717,144,328,3953
gov22,18414,32600,26374,6226,1139,2097,23138
gov22,18430,10196,8311,1885,418,803,7090
gov22,18457,4321,3746,575,188,283,3275
gov22,18473,17888,13894,3994,1174,1736,10984
gov22,18490,13765,11392,2373,491,959,9942
gov22,18511,6020,5066,954,125,351,4590
gov22,18538,7244,6006,1238,256,462,5288
gov22,18554,9624,7472,2152,168,585,6719
gov22,18570,5110,4204,906,157,474,3573
gov22,18597,5473,4575,898,144,369,4062
gov22,18619,3811,3184,627,120,237,2827
gov22,18635,5542,4487,1055,191,463,3833
gov22,18651,6247,5124,1123,264,400,4460
gov22,18678,6627,5501,1126,314,467,4720
gov22,18694,6651,5579,1072,289,400,4890
gov22,18716,4920,4000,920,198,300,3502
gov22,18732,2782,2409,373,82,147,2180
gov22,18759,10158,8581,1577,405,710,7466
gov22,18775,12155,9411,2744,664,937,7810
gov22,18791,7770,6447,1323,350,453,5644
gov22,18813,12495,10284,2211,463,714,9107
gov22,18830,2571,2163,408,63,127,1973
gov22,18856,26017,21446,4571,1026,1889,18531
gov22,18872,8584,7030,1554,391,604,6035
gov22,18899,11505,9793,1712,575,785,8433
gov22,18910,4752,4078,674,132,292,3654
gov22,18937,3747,2972,775,166,198,2608
gov22,18953,10432,8354,2078,453,734,7167
gov22,18970,1863,1512,351,63,133,1316
gov22,18996,3101,2529,572,126,183,2220
gov22,30031,20552,16866,3686,922,1332,14612
df22,16004,5077,4248,829,165,189,3894
df22,16012,9204,7415,1789,340,424,6651
df22,16020,11228,9735,1493,358,211,9166
df22,16039,43395,35766,7629,1323,981,33462
df22,16047,5175,4300,875,171,159,3970
df22,16055,9841,7983,1858,293,192,7498
df22,16063,8758,7245,1513,254,250,6741
df22,16071,2780,2333,447,188,89,2056
df22,16080,6571,5319,1252,240,97,4982
df22,16098,11252,9117,2135,424,232,8461
df22,16101,3590,2767,823,117,103,2547
df22,16110,5124,4312,812,182,81,4049
df22,16128,3990,3358,632,119,73,3166
df22,16136,11340,9177,2163,528,537,8112
df22,16144,3131,2693,438,88,280,2325
df22,16152,9837,8175,1662,323,293,7559
df22,16160,3066,2553,513,25,35,2493
df22,16179,5651,4854,797,231,115,4508
df22,16187,3855,2929,926,132,104,2693
df22,16195,28894,24760,4134,1633,1163,21964
df22,16209,4042,3424,618,193,86,3145
df22,16217,21255,17105,4150,1260,1462,14383
df22,16225,6604,5335,1269,283,221,4831
df22,16233,10920,9184,1736,617,639,7928
df22,16241,4508,3746,762,110,91,3545
df22,16250,8512,7089,1423,318,222,6549
df22,16268,9821,8268,1553,289,244,7735
df22,16276,7112,5652,1460,357,239,5056
df22,16284,4835,4016,819,113,88,3815
df22,16292,4628,3763,865,136,167,3460
df22,16306,4222,3471,751,177,101,3193
df22,16314,4807,4045,762,141,100,3804
df22,16330,8693,7050,1643,296,238,6516
df22,16357,10055,7954,2101,495,477,6982
df22,16373,3656,3141,515,102,70,2969
df22,16390,44503,37163,7340,2066,2292,32805
df22,16411,8237,6810,1427,302,256,6252
df22,16438,23992,19103,4889,1425,1242,16436
df22,16454,18965,15456,3509,888,451,14117
df22,16470,5977,4997,980,302,492,4203
df22,16497,8716,7220,1496,359,368,6493
df22,16519,56372,46552,9820,2920,2570,41062
df22,16535,9148,7116,2032,285,300,6531
df22,16551,4753,3674,1079,227,185,3262
df22,16578,4010,3250,760,204,176,2870
df22,16594,6773,5457,1316,270,328,4859
df22,16616,31640,25270,6370,1272,1808,22190
df22,16632,5884,4925,959,183,128,4614
df22,16659,4716,3973,743,153,156,3664
df22,16675,4627,3851,776,213,281,3357
df22,16691,7533,6019,1514,350,235,5434
df22,16713,28001,23715,4286,1413,1503,20799
df22,16730,6660,5833,827,361,172,5300
df22,16756,8054,6746,1308,243,322,6181
df22,16772,2776,2302,474,87,100,2115
df22,16799,2553,2161,392,43,48,2070
df22,16810,21033,17262,3771,1164,915,15183
df22,16837,11878,9873,2005,809,808,8256
df22,16853,8754,7559,1195,429,326,6804
df22,16870,15243,12134,3109,722,441,10971
df22,16896,10965,9077,1888,324,250,8503
df22,16918,12575,10330,2245,457,254,9619
df22,16934,1996,1730,266,45,50,1635
df22,16950,4912,4060,852,110,83,3867
df22,16977,6035,4892,1143,278,346,4268
df22,16993,5620,4819,801,162,167,4490
df22,17019,4337,3593,744,159,79,3355
df22,17035,7496,6203,1293,197,199,5807
df22,17051,5516,4436,1080,160,116,4160
df22,17078,2841,2461,380,52,48,2361
df22,17094,10480,8867,1613,521,428,7918
df22,17116,9957,8459,1498,387,647,7425
df22,17132,25407,21304,4103,1306,908,19090
df22,17159,3139,2484,655,39,30,2415
df22,17175,5196,4236,960,195,111,3930
df22,17191,15048,12636,2412,440,378,11818
df22,17213,4412,3828,584,104,76,3648
df22,17230,5670,4607,1063,145,148,4314
df22,17256,7351,5942,1409,277,235,5430
df22,17272,3187,2599,588,72,82,2445
df22,17299,12201,9616,2585,644,522,8450
df22,17310,9318,7517,1801,363,349,6805
df22,17337,8816,7213,1603,168,184,6861
df22,17353,5071,4272,799,154,142,3976
df22,17370,3359,2890,469,125,71,2694
df22,17396,7420,5802,1618,151,150,5501
df22,17418,52314,43365,8949,2108,2411,38846
df22,17434,22323,17441,4882,1019,821,15601
df22,17450,6691,5660,1031,250,168,5242
df22,17477,6869,5612,1257,289,306,5017
df22,17493,9268,7714,1554,294,256,7164
df22,17515,4067,3333,734,111,68,3154
df22,17531,9097,7308,1789,506,298,6504
df22,17558,17083,13835,3248,834,768,12233
df22,17574,2732,2285,447,37,54,2194
df22,17590,183013,149758,33255,9480,9177,131101
df22,17612,582298,465181,117117,25529,32926,406726
df22,17639,21155,17414,3741,880,837,15697
df22,17655,26488,21286,5202,1757,1412,18117
df22,17671,4325,3564,761,228,101,3235
df22,17698,4215,3645,570,72,90,3483
df22,17710,4073,3212,861,74,38,3100
df22,17736,4307,3661,646,101,57,3503
df22,17752,5057,4209,848,156,120,3933
df22,17779,16860,14333,2527,627,717,12989
df22,17795,136839,113592,23247,6338,6707,100547
df22,17817,9256,7654,1602,318,371,6965
df22,17833,3482,3076,406,68,84,2924
df22,17850,9357,7917,1440,439,245,7233
df22,17876,20207,17072,3135,736,609,15727
df22,17892,4024,3343,681,80,79,3184
df22,17914,3215,2707,508,69,73,2565
df22,17930,6605,4891,1714,160,131,4600
df22,17957,11591,9385,2206,618,581,8186
df22,17973,10701,8821,1880,432,311,8078
df22,17990,3551,2799,752,112,51,2636
df22,18015,11029,9157,1872,465,327,8365
df22,18031,6350,5412,938,180,140,5092
df22,18058,8340,6810,1530,259,229,6322
df22,18074,7879,6397,1482,330,280,5787
df22,18090,4791,4077,714,222,121,3734
df22,18112,2761,2356,405,47,33,2276
df22,18139,3734,3124,610,134,50,2940
df22,18155,6208,5346,862,167,127,5052
df22,18171,4147,3482,665,101,63,3318
df22,18198,3956,3238,718,49,49,3140
df22,18210,4000,3241,759,169,94,2978
df22,18236,25969,21529,4440,1337,1515,18677
df22,18252,2565,2231,334,93,119,2019
df22,18279,11208,9144,2064,323,351,8470
df22,18295,17820,14957,2863,848,792,13317
df22,18317,3716,3082,634,80,80,2922
df22,18333,4221,3345,876,95,157,3093
df22,18350,3477,3021,456,73,74,2874
df22,18376,72840,60909,11931,3184,3238,54487
df22,18392,5142,4425,717,173,161,4091
df22,18414,32600,26374,6226,1667,1710,22997
df22,18430,10196,8311,1885,467,453,7391
df22,18457,4321,3746,575,163,180,3403
df22,18473,17888,13894,3994,1555,1198,11141
df22,18490,13765,11392,2373,592,551,10249
df22,18511,6020,5066,954,137,143,4786
df22,18538,7244,6006,1238,234,233,5539
df22,18554,9624,7472,2152,237,265,6970
df22,18570,5110,4204,906,166,307,3731
df22,18597,5473,4575,898,172,152,4251
df22,18619,3811,3184,627,182,201,2801
df22,18635,5542,4487,1055,176,224,4087
df22,18651,6247,5124,1123,329,267,4528
df22,18678,6627,5501,1126,363,261,4877
df22,18694,6651,5579,1072,271,118,5190
df22,18716,4920,4000,920,188,141,3671
df22,18732,2782,2409,373,63,53,2293
df22,18759,10158,8581,1577,487,374,7720
df22,18775,12155,9411,2744,638,531,8242
df22,18791,7770,6447,1323,281,152,6014
df22,18813,12495,10284,2211,646,468,9170
df22,18830,2571,2163,408,46,52,2065
df22,18856,26017,21446,4571,943,971,19532
df22,18872,8584,7030,1554,407,329,6294
df22,18899,11505,9793,1712,535,399,8859
df22,18910,4752,4078,674,129,107,3842
df22,18937,3747,2972,775,125,52,2795
df22,18953,10432,8354,2078,513,410,7431
df22,18970,1863,1512,351,55,46,1411
df22,18996,3101,2529,572,120,81,2328
df22,30031,20552,16866,3686,1094,814,14958
de22,16004,5077,4248,829,158,197,3893
de22,16012,9204,7415,1789,373,508,6534
de22,16020,11228,9735,1493,288,233,9214
de22,16039,43395,35766,7629,1429,1384,32953
de22,16047,5175,4300,875,146,136,4018
de22,16055,9841,7983,1858,166,162,7655
de22,16063,8758,7245,1513,221,222,6802
de22,16071,2780,2333,447,186,117,2030
de22,16080,6571,5319,1252,238,149,4932
de22,16098,11252,9117,2135,385,301,8431
de22,16101,3590,2767,823,121,97,2549
de22,16110,5124,4312,812,143,1084,3085
de22,16128,3990,3358,632,95,102,3161
de22,16136,11340,9177,2163,519,661,7997
de22,16144,3131,2693,438,72,94,2527
de22,16152,9837,8175,1662,320,346,7509
de22,16160,3066,2553,513,68,72,2413
de22,16179,5651,4854,797,169,243,4442
de22,16187,3855,2929,926,114,104,2711
de22,16195,28894,24760,4134,1126,1359,22275
de22,16209,4042,3424,618,184,132,3108
de22,16217,21255,17105,4150,1120,1809,14176
de22,16225,6604,5335,1269,263,685,4387
de22,16233,10920,9184,1736,568,699,7917
de22,16241,4508,3746,762,131,96,3519
de22,16250,8512,7089,1423,297,273,6519
de22,16268,9821,8268,1553,247,223,7798
de22,16276,7112,5652,1460,308,278,5066
de22,16284,4835,4016,819,111,116,3789
de22,16292,4628,3763,865,126,205,3432
de22,16306,4222,3471,751,135,104,3232
de22,16314,4807,4045,762,110,90,3845
de22,16330,8693,7050,1643,315,274,6461
de22,16357,10055,7954,2101,435,419,7100
de22,16373,3656,3141,515,102,82,2957
de22,16390,44503,37163,7340,1646,2001,33516
de22,16411,8237,6810,1427,317,295,6198
de22,16438,23992,19103,4889,1375,1401,16327
de22,16454,18965,15456,3509,835,623,13998
de22,16470,5977,4997,980,297,491,4209
de22,16497,8716,7220,1496,413,445,6362
de22,16519,56372,46552,9820,2504,2253,41795
de22,16535,9148,7116,2032,296,378,6442
de22,16551,4753,3674,1079,219,176,3279
de22,16578,4010,3250,760,163,189,2898
de22,16594,6773,5457,1316,298,427,4732
de22,16616,31640,25270,6370,1426,1880,21964
de22,16632,5884,4925,959,138,170,4617
de22,16659,4716,3973,743,160,187,3626
de22,16675,4627,3851,776,234,262,3355
de22,16691,7533,6019,1514,441,351,5227
de22,16713,28001,23715,4286,1132,1220,21363
de22,16730,6660,5833,827,285,266,5282
de22,16756,8054,6746,1308,250,332,6164
de22,16772,2776,2302,474,95,135,2072
de22,16799,2553,2161,392,40,46,2075
de22,16810,21033,17262,3771,1148,1029,15085
de22,16837,11878,9873,2005,561,4835,4477
de22,16853,8754,7559,1195,377,386,6796
de22,16870,15243,12134,3109,681,460,10993
de22,16896,10965,9077,1888,311,232,8534
de22,16918,12575,10330,2245,435,675,9220
de22,16934,1996,1730,266,51,35,1644
de22,16950,4912,4060,852,92,160,3808
de22,16977,6035,4892,1143,275,394,4223
de22,16993,5620,4819,801,172,155,4492
de22,17019,4337,3593,744,168,165,3260
de22,17035,7496,6203,1293,207,336,5660
de22,17051,5516,4436,1080,126,138,4172
de22,17078,2841,2461,380,48,55,2358
de22,17094,10480,8867,1613,481,426,7960
de22,17116,9957,8459,1498,469,749,7241
de22,17132,25407,21304,4103,962,765,19577
de22,17159,3139,2484,655,50,50,2384
de22,17175,5196,4236,960,277,187,3772
de22,17191,15048,12636,2412,281,370,11985
de22,17213,4412,3828,584,152,125,3551
de22,17230,5670,4607,1063,138,261,4208
de22,17256,7351,5942,1409,216,349,5377
de22,17272,3187,2599,588,80,81,2438
de22,17299,12201,9616,2585,694,533,8389
de22,17310,9318,7517,1801,354,441,6722
de22,17337,8816,7213,1603,256,346,6611
de22,17353,5071,4272,799,165,172,3935
de22,17370,3359,2890,469,55,62,2773
de22,17396,7420,5802,1618,321,266,5215
de22,17418,52314,43365,8949,2360,2323,38682
de22,17434,22323,17441,4882,983,853,15605
de22,17450,6691,5660,1031,222,161,5277
de22,17477,6869,5612,1257,282,312,5018
de22,17493,9268,7714,1554,172,206,7336
de22,17515,4067,3333,734,90,90,3153
de22,17531,9097,7308,1789,516,363,6429
de22,17558,17083,13835,3248,645,630,12560
de22,17574,2732,2285,447,28,112,2145
de22,17590,183013,149758,33255,8295,11507,129956
de22,17612,582298,465181,117117,22844,30261,412076
de22,17639,21155,17414,3741,709,710,15995
de22,17655,26488,21286,5202,1679,1490,18117
de22,17671,4325,3564,761,200,380,2984
de22,17698,4215,3645,570,80,84,3481
de22,17710,4073,3212,861,61,54,3097
de22,17736,4307,3661,646,110,99,3452
de22,17752,5057,4209,848,151,135,3923
de22,17779,16860,14333,2527,734,851,12748
de22,17795,136839,113592,23247,7083,7252,99257
de22,17817,9256,7654,1602,285,348,7021
de22,17833,3482,3076,406,54,106,2916
de22,17850,9357,7917,1440,412,288,7217
de22,17876,20207,17072,3135,781,760,15531
de22,17892,4024,3343,681,89,85,3169
de22,17914,3215,2707,508,67,92,2548
de22,17930,6605,4891,1714,203,163,4525
de22,17957,11591,9385,2206,445,520,8420
de22,17973,10701,8821,1880,355,322,8144
de22,17990,3551,2799,752,105,63,2631
de22,18015,11029,9157,1872,458,387,8312
de22,18031,6350,5412,938,149,148,5115
de22,18058,8340,6810,1530,228,224,6358
de22,18074,7879,6397,1482,271,252,5874
de22,18090,4791,4077,714,206,161,3710
de22,18112,2761,2356,405,50,115,2191
de22,18139,3734,3124,610,139,95,2890
de22,18155,6208,5346,862,146,120,5080
de22,18171,4147,3482,665,101,152,3229
de22,18198,3956,3238,718,61,76,3101
de22,18210,4000,3241,759,155,181,2905
de22,18236,25969,21529,4440,929,1136,19464
de22,18252,2565,2231,334,78,121,2032
de22,18279,11208,9144,2064,368,368,8408
de22,18295,17820,14957,2863,840,937,13180
de22,18317,3716,3082,634,96,94,2892
de22,18333,4221,3345,876,112,160,3073
de22,18350,3477,3021,456,66,76,2879
de22,18376,72840,60909,11931,2757,2905,55247
de22,18392,5142,4425,717,146,149,4130
de22,18414,32600,26374,6226,1515,1616,23243
de22,18430,10196,8311,1885,453,606,7252
de22,18457,4321,3746,575,189,231,3326
de22,18473,17888,13894,3994,1161,1082,11651
de22,18490,13765,11392,2373,567,592,10233
de22,18511,6020,5066,954,107,128,4831
de22,18538,7244,6006,1238,200,228,5578
de22,18554,9624,7472,2152,186,324,6962
de22,18570,5110,4204,906,176,291,3737
de22,18597,5473,4575,898,152,167,4256
de22,18619,3811,3184,627,133,136,2915
de22,18635,5542,4487,1055,142,183,4162
de22,18651,6247,5124,1123,309,235,4580
de22,18678,6627,5501,1126,339,285,4877
de22,18694,6651,5579,1072,222,151,5206
de22,18716,4920,4000,920,194,159,3647
de22,18732,2782,2409,373,64,58,2287
de22,18759,10158,8581,1577,386,309,7886
de22,18775,12155,9411,2744,516,444,8451
de22,18791,7770,6447,1323,180,165,6102
de22,18813,12495,10284,2211,627,450,9207
de22,18830,2571,2163,408,44,59,2060
de22,18856,26017,21446,4571,752,867,19827
de22,18872,8584,7030,1554,318,407,6305
de22,18899,11505,9793,1712,474,549,8770
de22,18910,4752,4078,674,134,130,3814
de22,18937,3747,2972,775,109,83,2780
de22,18953,10432,8354,2078,393,331,7630
de22,18970,1863,1512,351,50,75,1387
de22,18996,3101,2529,572,120,97,2312
de22,30031,20552,16866,3686,646,730,15490
pref20,16004,4913,4473,440,28,78,4367
pref20,16012,9089,7513,1576,81,290,7142
pref20,16020,10442,9576,866,96,285,9195
pref20,16039,42162,35717,6445,354,1114,34249
pref20,16047,4962,4558,404,23,101,4434
pref20,16055,9480,8452,1028,53,370,8029
pref20,16063,8222,7392,830,39,196,7157
pref20,16071,2753,2560,193,11,41,2508
pref20,16080,6476,5581,895,109,209,5263
pref20,16098,10938,9236,1702,75,424,8737
pref20,16101,3394,3015,379,42,111,2862
pref20,16110,5069,4661,408,11,87,4563
pref20,16128,3885,3623,262,22,91,3510
pref20,16136,10806,9096,1710,185,541,8370
pref20,16144,3075,2822,253,17,102,2703
pref20,16152,9462,8257,1205,81,294,7882
pref20,16160,2929,2542,387,53,126,2363
pref20,16179,5457,4785,672,128,142,4515
pref20,16187,3764,3265,499,16,72,3177
pref20,16195,27807,24138,3669,354,826,22958
pref20,16209,3895,3413,482,595,234,2584
pref20,16217,20974,18303,2671,166,553,17584
pref20,16225,5619,5068,551,29,112,4927
pref20,16233,10595,9577,1018,80,342,9155
pref20,16241,4373,3938,435,31,98,3809
pref20,16250,8265,7294,971,85,224,6985
pref20,16268,9368,8502,866,61,174,8267
pref20,16276,6968,6161,807,50,120,5991
pref20,16284,4775,4354,421,20,97,4237
pref20,16292,4627,4158,469,21,72,4065
pref20,16306,4216,3925,291,31,85,3809
pref20,16314,4615,4122,493,72,126,3924
pref20,16330,8306,6936,1370,88,199,6649
pref20,16357,9734,8413,1321,120,3298,4995
pref20,16373,3531,3269,262,21,96,3152
pref20,16390,43335,35998,7337,704,1669,33625
pref20,16411,7790,6767,1023,63,206,6498
pref20,16438,47134,37735,9399,585,1443,35707
pref20,16454,18378,15477,2901,237,541,14699
pref20,16470,5815,5214,601,67,196,4951
pref20,16497,8583,7637,946,57,234,7346
pref20,16519,53136,44309,8827,1241,2753,40315
pref20,16535,8783,7472,1311,67,289,7116
pref20,16551,4644,3915,729,43,143,3729
pref20,16578,3892,3323,569,55,189,3079
pref20,16594,6785,5904,881,60,2860,2984
pref20,16616,30600,24827,5773,474,1302,23051
pref20,16632,5611,4919,692,27,175,4717
pref20,16659,4509,3936,573,27,135,3774
pref20,16675,4511,3980,531,49,190,3741
pref20,16691,7184,6118,1066,154,288,5676
pref20,16713,24189,20678,3511,466,1354,18858
pref20,16730,6470,6050,420,56,109,5885
pref20,16756,7790,6794,996,65,225,6504
pref20,16772,2744,2461,283,29,95,2337
pref20,16799,2521,2329,192,17,55,2257
pref20,16810,20172,17420,2752,216,683,16521
pref20,16837,11638,10012,1626,159,458,9395
pref20,16853,8565,7959,606,57,143,7759
pref20,16870,29006,24678,4328,192,6829,17657
pref20,16896,10689,9513,1176,84,292,9137
pref20,16918,24831,21435,3396,201,3925,17309
pref20,16934,1976,1883,93,11,835,1037
pref20,16950,4778,4396,382,28,105,4263
pref20,16977,5694,4913,781,50,210,4653
pref20,16993,5348,4835,513,57,201,4577
pref20,17019,4278,3818,460,59,131,3628
pref20,17035,7304,6459,845,71,195,6193
pref20,17051,5366,4681,685,26,100,4555
pref20,17078,2654,2482,172,12,52,2418
pref20,17094,10300,8992,1308,160,349,8483
pref20,17116,9774,8501,1273,146,442,7913
pref20,17132,23959,20676,3283,421,919,19336
pref20,17159,3078,2748,330,6,56,2686
pref20,17175,5081,4537,544,28,95,4414
pref20,17191,14572,12701,1871,95,319,12287
pref20,17213,4212,3999,213,23,86,3890
pref20,17230,5310,4754,556,34,105,4615
pref20,17256,7036,6184,852,62,165,5957
pref20,17272,3200,2855,345,34,76,2745
pref20,17299,11814,9861,1953,92,298,9471
pref20,17310,9118,8138,980,105,262,7771
pref20,17337,8440,7092,1348,75,234,6783
pref20,17353,4884,4428,456,36,118,4274
pref20,17370,3277,2926,351,35,85,2806
pref20,17396,7182,5998,1184,87,343,5568
pref20,17418,50091,41398,8693,911,2082,38405
pref20,17434,22152,17987,4165,243,642,17102
pref20,17450,6558,5934,624,59,147,5728
pref20,17477,6564,5820,744,45,2822,2953
pref20,17493,8750,7885,865,109,305,7471
pref20,17515,3944,3317,627,153,181,2983
pref20,17531,8584,7377,1207,94,266,7017
pref20,17558,16359,13852,2507,194,549,13109
pref20,17574,2675,2387,288,18,83,2286
pref20,17590,175932,145751,30181,2282,6052,137417
pref20,17612,560929,402957,157972,18515,40220,344222
pref20,17639,20121,16798,3323,398,821,15579
pref20,17655,25345,21676,3669,300,804,20572
pref20,17671,4332,3983,349,38,88,3857
pref20,17698,4127,3704,423,27,80,3597
pref20,17710,4069,3813,256,19,48,3746
pref20,17736,4224,3901,323,34,84,3783
pref20,17752,4834,4506,328,29,112,4365
pref20,17779,16516,14556,1960,183,407,13966
pref20,17795,125346,96433,28913,5141,11415,79877
pref20,17817,8804,7703,1101,108,438,7157
pref20,17833,3332,3153,179,16,70,3067
pref20,17850,9074,8042,1032,87,250,7705
pref20,17876,19346,16418,2928,136,414,15868
pref20,17892,3872,3609,263,28,105,3476
pref20,17914,3186,3037,149,12,47,2978
pref20,17930,6726,5536,1190,65,226,5245
pref20,17957,34357,27550,6807,330,847,26373
pref20,17973,10351,9042,1309,129,352,8561
pref20,17990,3593,3172,421,23,74,3075
pref20,18015,10467,9292,1175,111,356,8825
pref20,18031,5943,5430,513,40,214,5176
pref20,18058,7777,6790,987,79,221,6490
pref20,18074,7635,6740,895,61,250,6429
pref20,18090,4665,4308,357,31,123,4154
pref20,18112,2726,2521,205,17,93,2411
pref20,18139,3605,3219,386,20,41,3158
pref20,18155,5987,5515,472,57,254,5204
pref20,18171,4038,3736,302,25,66,3645
pref20,18198,3886,3547,339,17,68,3462
pref20,18210,3911,3539,372,21,95,3423
pref20,18236,24536,20495,4041,729,1890,17876
pref20,18252,2492,2299,193,38,111,2150
pref20,18279,10961,9304,1657,175,423,8706
pref20,18295,16917,15105,1812,166,603,14336
pref20,18317,3521,3262,259,18,71,3173
pref20,18333,4073,3539,534,83,213,3243
pref20,18350,3365,3093,272,25,83,2985
pref20,18376,69027,58485,10542,1479,3952,53054
pref20,18392,4969,4512,457,39,126,4347
pref20,18414,30873,25535,5338,592,1381,23562
pref20,18430,9905,8605,1300,126,417,8062
pref20,18457,4216,3910,306,17,83,3810
pref20,18473,17003,13354,3649,257,626,12471
pref20,18490,13095,11362,1733,135,475,10752
pref20,18511,5997,5362,635,55,146,5161
pref20,18538,7019,6290,729,61,139,6090
pref20,18554,9372,7747,1625,80,256,7411
pref20,18570,5024,4418,606,54,213,4151
pref20,18597,5254,4751,503,40,159,4552
pref20,18619,3695,3388,307,30,81,3277
pref20,18635,5287,4683,604,37,239,4407
pref20,18651,6251,5578,673,41,159,5378
pref20,18678,6457,5683,774,95,210,5378
pref20,18694,6482,5880,602,32,198,5650
pref20,18716,4856,4424,432,26,123,4275
pref20,18732,2755,2635,120,9,37,2589
pref20,18759,9818,8615,1203,141,373,8101
pref20,18775,11756,9810,1946,114,292,9404
pref20,18791,7362,6065,1297,580,975,4510
pref20,18813,11598,10191,1407,122,349,9720
pref20,18830,2583,2381,202,10,1096,1275
pref20,18856,24785,21283,3502,334,878,20071
pref20,18872,8428,7297,1131,84,230,6983
pref20,18899,11191,10273,918,83,221,9969
pref20,18910,4616,4234,382,43,99,4092
pref20,18937,3827,3438,389,26,59,3353
pref20,18953,10086,8548,1538,271,493,7784
pref20,18970,1824,1622,202,74,208,1340
pref20,18996,2874,2588,286,25,49,2514
pref20,30031,19741,17380,2361,200,625,16555
ver20,16004,4913,4473,440,35,159,4279
ver20,16012,9089,7513,1576,91,247,7175
ver20,16020,10442,9576,866,46,198,9332
ver20,16039,42162,35717,6445,608,1758,33351
ver20,16047,4962,4558,404,36,496,4026
ver20,16055,9480,8452,1028,67,358,8027
ver20,16063,8222,7392,830,56,207,7129
ver20,16071,2753,2560,193,15,79,2466
ver20,16080,6476,5581,895,52,127,5402
ver20,16098,10938,9236,1702,70,425,8741
ver20,16101,3394,3015,379,26,185,2804
ver20,16110,5069,4661,408,27,142,4492
ver20,16128,3885,3623,262,30,112,3481
ver20,16136,10806,9096,1710,114,354,8628
ver20,16144,3075,2822,253,25,139,2658
ver20,16152,9462,8257,1205,80,276,7901
ver20,16160,2929,2542,387,20,131,2391
ver20,16179,5457,4785,672,52,119,4614
ver20,16187,3764,3265,499,26,142,3097
ver20,16195,27807,24138,3669,316,683,23139
ver20,16209,3895,3413,482,56,82,3275
ver20,16217,20974,18303,2671,194,583,17526
ver20,16225,5619,5068,551,38,160,4870
ver20,16233,10595,9577,1018,145,390,9042
ver20,16241,4373,3938,435,33,98,3807
ver20,16250,8265,7294,971,88,422,6784
ver20,16268,9368,8502,866,40,362,8100
ver20,16276,6968,6161,807,58,315,5788
ver20,16284,4775,4354,421,14,119,4221
ver20,16292,4627,4158,469,22,93,4043
ver20,16306,4216,3925,291,38,128,3759
ver20,16314,4615,4122,493,56,165,3901
ver20,16330,8306,6936,1370,94,307,6535
ver20,16357,9734,8413,1321,110,318,7985
ver20,16373,3531,3269,262,14,112,3143
ver20,16390,43335,35998,7337,596,1682,33720
ver20,16411,7790,6767,1023,97,308,6362
ver20,16438,23128,19618,3510,241,508,18869
ver20,16454,18378,15477,2901,231,530,14716
ver20,16470,5815,5214,601,64,188,4962
ver20,16497,8583,7637,946,80,350,7207
ver20,16519,53136,44309,8827,924,1686,41699
ver20,16535,8783,7472,1311,90,239,7143
ver20,16551,4644,3915,729,41,182,3692
ver20,16578,3892,3323,569,29,237,3057
ver20,16594,6785,5904,881,68,216,5620
ver20,16616,30600,24827,5773,552,2765,21510
ver20,16632,5611,4919,692,25,184,4710
ver20,16659,4509,3936,573,28,188,3720
ver20,16675,4511,3980,531,55,193,3732
ver20,16691,7184,6118,1066,98,269,5751
ver20,16713,24189,20678,3511,410,881,19387
ver20,16730,6470,6050,420,56,138,5856
ver20,16756,7790,6794,996,49,249,6496
ver20,16772,2744,2461,283,9,112,2340
ver20,16799,2521,2329,192,13,27,2289
ver20,16810,20172,17420,2752,331,865,16224
ver20,16837,11638,10012,1626,141,300,9571
ver20,16853,8565,7959,606,64,158,7737
ver20,16870,14474,12857,1617,78,321,12458
ver20,16896,10689,9513,1176,71,326,9116
ver20,16918,12291,10746,1545,131,609,10006
ver20,16934,1976,1883,93,4,43,1836
ver20,16950,4778,4396,382,35,222,4139
ver20,16977,5694,4913,781,77,195,4641
ver20,16993,5348,4835,513,40,179,4616
ver20,17019,4278,3818,460,33,2117,1668
ver20,17035,7304,6459,845,78,184,6197
ver20,17051,5366,4681,685,27,140,4514
ver20,17078,2654,2482,172,12,46,2424
ver20,17094,10300,8992,1308,121,248,8623
ver20,17116,9774,8501,1273,149,368,7984
ver20,17132,23959,20676,3283,270,842,19564
ver20,17159,3078,2748,330,14,72,2662
ver20,17175,5081,4537,544,61,167,4309
ver20,17191,14572,12701,1871,118,416,12167
ver20,17213,4212,3999,213,30,74,3895
ver20,17230,5310,4754,556,28,151,4575
ver20,17256,7036,6184,852,64,227,5893
ver20,17272,3200,2855,345,22,94,2739
ver20,17299,11814,9861,1953,146,327,9388
ver20,17310,9118,8138,980,93,372,7673
ver20,17337,8440,7092,1348,78,216,6798
ver20,17353,4884,4428,456,41,177,4210
ver20,17370,3277,2926,351,11,99,2816
ver20,17396,7182,5998,1184,59,277,5662
ver20,17418,50091,41398,8693,881,1697,38820
ver20,17434,22152,17987,4165,179,2095,15713
ver20,17450,6558,5934,624,71,160,5703
ver20,17477,6564,5820,744,86,3296,2438
ver20,17493,8750,7885,865,49,168,7668
ver20,17515,3944,3317,627,31,103,3183
ver20,17531,8584,7377,1207,151,523,6703
ver20,17558,16359,13852,2507,207,639,13006
ver20,17574,2675,2387,288,18,70,2299
ver20,17590,175932,145751,30181,2918,23637,119196
ver20,17612,560929,402957,157972,15100,27101,360756
ver20,17639,20121,16798,3323,250,716,15832
ver20,17655,25345,21676,3669,341,712,20623
ver20,17671,4332,3983,349,27,101,3855
ver20,17698,4127,3704,423,32,124,3548
ver20,17710,4069,3813,256,32,86,3695
ver20,17736,4224,3901,323,30,60,3811
ver20,17752,4834,4506,328,31,131,4344
ver20,17779,16516,14556,1960,323,638,13595
ver20,17795,125346,96433,28913,3819,11212,81402
ver20,17817,8804,7703,1101,96,483,7124
ver20,17833,3332,3153,179,18,93,3042
ver20,17850,9074,8042,1032,60,228,7754
ver20,17876,19346,16418,2928,304,802,15312
ver20,17892,3872,3609,263,13,138,3458
ver20,17914,3186,3037,149,16,69,2952
ver20,17930,6726,5536,1190,41,194,5301
ver20,17957,11103,9600,1503,101,675,8824
ver20,17973,10351,9042,1309,82,290,8670
ver20,17990,3593,3172,421,10,110,3052
ver20,18015,10467,9292,1175,106,386,8800
ver20,18031,5943,5430,513,60,246,5124
ver20,18058,7777,6790,987,78,269,6443
ver20,18074,7635,6740,895,53,504,6183
ver20,18090,4665,4308,357,34,147,4127
ver20,18112,2726,2521,205,13,45,2463
ver20,18139,3605,3219,386,24,71,3124
ver20,18155,5987,5515,472,34,182,5299
ver20,18171,4038,3736,302,27,105,3604
ver20,18198,3886,3547,339,21,99,3427
ver20,18210,3911,3539,372,20,143,3376
ver20,18236,24536,20495,4041,370,1054,19071
ver20,18252,2492,2299,193,16,54,2229
ver20,18279,10961,9304,1657,108,335,8861
ver20,18295,16917,15105,1812,237,742,14126
ver20,18317,3521,3262,259,25,108,3129
ver20,18333,4073,3539,534,19,120,3400
ver20,18350,3365,3093,272,23,60,3010
ver20,18376,69027,58485,10542,962,3192,54331
ver20,18392,4969,4512,457,31,141,4340
ver20,18414,30873,25535,5338,480,989,24066
ver20,18430,9905,8605,1300,140,437,8028
ver20,18457,4216,3910,306,20,84,3806
ver20,18473,17003,13354,3649,309,769,12276
ver20,18490,13095,11362,1733,167,515,10680
ver20,18511,5997,5362,635,57,148,5157
ver20,18538,7019,6290,729,73,192,6025
ver20,18554,9372,7747,1625,75,388,7284
ver20,18570,5024,4418,606,48,246,4124
ver20,18597,5254,4751,503,46,209,4496
ver20,18619,3695,3388,307,26,145,3217
ver20,18635,5287,4683,604,32,282,4369
ver20,18651,6251,5578,673,39,238,5301
ver20,18678,6457,5683,774,71,239,5373
ver20,18694,6482,5880,602,41,237,5602
ver20,18716,4856,4424,432,29,376,4019
ver20,18732,2755,2635,120,12,66,2557
ver20,18759,9818,8615,1203,127,323,8165
ver20,18775,11756,9810,1946,143,280,9387
ver20,18791,7362,6065,1297,124,695,5246
ver20,18813,11598,10191,1407,124,326,9741
ver20,18830,2583,2381,202,9,47,2325
ver20,18856,24785,21283,3502,236,636,20411
ver20,18872,8428,7297,1131,85,447,6765
ver20,18899,11191,10273,918,120,394,9759
ver20,18910,4616,4234,382,31,151,4052
ver20,18937,3827,3438,389,22,84,3332
ver20,18953,10086,8548,1538,121,516,7911
ver20,18970,1824,1622,202,17,75,1530
ver20,18996,2874,2588,286,18,78,2492
ver20,30031,19741,17380,2361,166,376,16838
pres22t1,16004,5078,4249,829,43,117,4089
pres22t1,16012,9204,7415,1789,84,224,7107
pres22t1,16020,11229,9736,1493,114,187,9435
pres22t1,16039,43398,35769,7629,451,926,34392
pres22t1,16047,5176,4301,875,53,109,4139
pres22t1,16055,9841,7983,1858,86,200,7697
pres22t1,16063,8758,7245,1513,74,223,6948
pres22t1,16071,2780,2333,447,29,54,2250
pres22t1,16080,6572,5320,1252,61,124,5135
pres22t1,16098,11255,9120,2135,66,236,8818
pres22t1,16101,3590,2767,823,35,101,2631
pres22t1,16110,5125,4313,812,60,94,4159
pres22t1,16128,3990,3358,632,30,97,3231
pres22t1,16136,11345,9182,2163,85,166,8931
pres22t1,16144,3131,2693,438,31,66,2596
pres22t1,16152,9839,8177,1662,104,205,7868
pres22t1,16160,3066,2553,513,20,49,2484
pres22t1,16179,5653,4856,797,69,115,4672
pres22t1,16187,3855,2929,926,45,140,2744
pres22t1,16195,28897,24763,4134,422,592,23749
pres22t1,16209,4042,3424,618,40,110,3274
pres22t1,16217,21257,17106,4151,255,591,16260
pres22t1,16225,6604,5335,1269,74,119,5142
pres22t1,16233,10922,9186,1736,129,286,8771
pres22t1,16241,4509,3747,762,32,76,3639
pres22t1,16250,8513,7090,1423,102,186,6802
pres22t1,16268,9821,8268,1553,99,201,7968
pres22t1,16276,7115,5655,1460,73,159,5423
pres22t1,16284,4836,4017,819,38,97,3882
pres22t1,16292,4628,3763,865,28,93,3642
pres22t1,16306,4222,3471,751,54,89,3328
pres22t1,16314,4807,4045,762,31,96,3918
pres22t1,16330,8693,7050,1643,71,163,6816
pres22t1,16357,10055,7954,2101,118,262,7574
pres22t1,16373,3660,3145,515,27,59,3059
pres22t1,16390,44505,37165,7340,456,902,35807
pres22t1,16411,8237,6810,1427,71,191,6548
pres22t1,16438,23998,19109,4889,222,591,18296
pres22t1,16454,18969,15460,3509,232,299,14929
pres22t1,16470,5978,4998,980,92,243,4663
pres22t1,16497,8718,7222,1496,95,182,6945
pres22t1,16519,56373,46553,9820,583,1102,44868
pres22t1,16535,9148,7116,2032,88,256,6772
pres22t1,16551,4754,3675,1079,62,129,3484
pres22t1,16578,4010,3250,760,34,116,3100
pres22t1,16594,6773,5457,1316,86,145,5226
pres22t1,16616,31641,25271,6370,340,820,24111
pres22t1,16632,5886,4927,959,43,102,4782
pres22t1,16659,4716,3973,743,35,116,3822
pres22t1,16675,4629,3853,776,57,154,3642
pres22t1,16691,7534,6020,1514,98,176,5746
pres22t1,16713,28001,23715,4286,238,607,22870
pres22t1,16730,6660,5833,827,56,89,5688
pres22t1,16756,8054,6746,1308,47,177,6522
pres22t1,16772,2776,2302,474,17,66,2219
pres22t1,16799,2553,2161,392,15,65,2081
pres22t1,16810,21044,17273,3771,275,549,16449
pres22t1,16837,11878,9873,2005,194,292,9387
pres22t1,16853,8755,7560,1195,123,188,7249
pres22t1,16870,15244,12135,3109,150,261,11724
pres22t1,16896,10965,9077,1888,94,198,8785
pres22t1,16918,12576,10331,2245,100,199,10032
pres22t1,16934,1996,1730,266,15,23,1692
pres22t1,16950,4912,4060,852,43,102,3915
pres22t1,16977,6035,4892,1143,48,160,4684
pres22t1,16993,5620,4819,801,49,132,4638
pres22t1,17019,4337,3593,744,40,82,3471
pres22t1,17035,7496,6203,1293,98,266,5839
pres22t1,17051,5516,4436,1080,35,140,4261
pres22t1,17078,2841,2461,380,20,58,2383
pres22t1,17094,10485,8872,1613,95,155,8622
pres22t1,17116,9961,8463,1498,151,322,7990
pres22t1,17132,25411,21308,4103,278,538,20492
pres22t1,17159,3139,2484,655,23,96,2365
pres22t1,17175,5196,4236,960,57,106,4073
pres22t1,17191,15049,12637,2412,136,328,12173
pres22t1,17213,4412,3828,584,47,88,3693
pres22t1,17230,5673,4610,1063,44,153,4413
pres22t1,17256,7351,5942,1409,82,223,5637
pres22t1,17272,3191,2603,588,23,80,2500
pres22t1,17299,12201,9616,2585,127,264,9225
pres22t1,17310,9319,7518,1801,116,273,7129
pres22t1,17337,8816,7213,1603,64,180,6969
pres22t1,17353,5072,4273,799,57,121,4095
pres22t1,17370,3359,2890,469,24,45,2821
pres22t1,17396,7423,5805,1618,78,192,5535
pres22t1,17418,52315,43366,8949,537,1271,41558
pres22t1,17434,22330,17448,4882,195,391,16862
pres22t1,17450,6692,5661,1031,50,169,5442
pres22t1,17477,6871,5614,1257,71,158,5385
pres22t1,17493,9268,7714,1554,91,207,7416
pres22t1,17515,4067,3333,734,39,48,3246
pres22t1,17531,9098,7309,1789,102,203,7004
pres22t1,17558,17084,13836,3248,243,389,13204
pres22t1,17574,2733,2286,447,13,98,2175
pres22t1,17590,183493,150197,33296,2048,3904,144245
pres22t1,17612,585323,467769,117554,5396,12644,449729
pres22t1,17639,21155,17414,3741,248,454,16712
pres22t1,17655,26494,21291,5203,376,758,20157
pres22t1,17671,4325,3564,761,67,101,3396
pres22t1,17698,4215,3645,570,39,108,3498
pres22t1,17710,4075,3214,861,17,62,3135
pres22t1,17736,4307,3661,646,51,105,3505
pres22t1,17752,5057,4209,848,39,122,4048
pres22t1,17779,16861,14334,2527,284,571,13479
pres22t1,17795,137567,114257,23310,1481,2840,109936
pres22t1,17817,9256,7654,1602,113,292,7249
pres22t1,17833,3484,3078,406,27,104,2947
pres22t1,17850,9368,7928,1440,89,191,7648
pres22t1,17876,20211,17076,3135,150,370,16556
pres22t1,17892,4024,3343,681,29,62,3252
pres22t1,17914,3215,2707,508,28,71,2608
pres22t1,17930,6605,4891,1714,54,124,4713
pres22t1,17957,11592,9386,2206,127,264,8995
pres22t1,17973,10702,8822,1880,77,201,8544
pres22t1,17990,3552,2800,752,32,59,2709
pres22t1,18015,11029,9157,1872,119,236,8802
pres22t1,18031,6350,5412,938,67,202,5143
pres22t1,18058,8340,6810,1530,59,199,6552
pres22t1,18074,7879,6397,1482,95,197,6105
pres22t1,18090,4791,4077,714,53,103,3921
pres22t1,18112,2761,2356,405,23,56,2277
pres22t1,18139,3734,3124,610,23,75,3026
pres22t1,18155,6209,5347,862,34,134,5179
pres22t1,18171,4147,3482,665,29,101,3352
pres22t1,18198,3958,3240,718,23,68,3149
pres22t1,18210,4000,3241,759,47,69,3125
pres22t1,18236,25971,21531,4440,287,651,20593
pres22t1,18252,2565,2231,334,37,77,2117
pres22t1,18279,11211,9147,2064,119,239,8789
pres22t1,18295,17822,14959,2863,191,541,14227
pres22t1,18317,3717,3083,634,30,76,2977
pres22t1,18333,4221,3345,876,36,140,3169
pres22t1,18350,3477,3021,456,23,70,2928
pres22t1,18376,72841,60910,11931,704,1515,58691
pres22t1,18392,5142,4425,717,33,89,4303
pres22t1,18414,32602,26376,6226,428,912,25036
pres22t1,18430,10201,8316,1885,120,284,7912
pres22t1,18457,4321,3746,575,53,84,3609
pres22t1,18473,17891,13897,3994,259,532,13106
pres22t1,18490,13769,11396,2373,142,352,10902
pres22t1,18511,6021,5067,954,51,151,4865
pres22t1,18538,7244,6006,1238,73,177,5756
pres22t1,18554,9624,7472,2152,60,216,7196
pres22t1,18570,5110,4204,906,41,165,3998
pres22t1,18597,5473,4575,898,39,153,4383
pres22t1,18619,3811,3184,627,36,92,3056
pres22t1,18635,5545,4490,1055,63,173,4254
pres22t1,18651,6249,5126,1123,77,134,4915
pres22t1,18678,6627,5501,1126,88,179,5234
pres22t1,18694,6651,5579,1072,54,164,5361
pres22t1,18716,4921,4001,920,60,126,3815
pres22t1,18732,2782,2409,373,18,44,2347
pres22t1,18759,10158,8581,1577,135,230,8216
pres22t1,18775,12156,9412,2744,181,310,8921
pres22t1,18791,7770,6447,1323,56,199,6192
pres22t1,18813,12502,10291,2211,147,267,9877
pres22t1,18830,2571,2163,408,26,64,2073
pres22t1,18856,26019,21448,4571,253,621,20574
pres22t1,18872,8585,7031,1554,79,209,6743
pres22t1,18899,11505,9793,1712,153,212,9428
pres22t1,18910,4755,4081,674,47,122,3912
pres22t1,18937,3747,2972,775,35,69,2868
pres22t1,18953,10432,8354,2078,179,271,7904
pres22t1,18970,1863,1512,351,23,51,1438
pres22t1,18996,3101,2529,572,35,82,2412
pres22t1,30031,20554,16868,3686,209,411,16248
pres22t2,16004,5078,4298,780,33,120,4145
pres22t2,16012,9206,7517,1689,74,206,7237
pres22t2,16020,11204,9501,1703,95,169,9237
pres22t2,16039,43393,35903,7490,359,803,34741
pres22t2,16047,5176,4116,1060,36,77,4003
pres22t2,16055,9837,7536,2301,77,173,7286
pres22t2,16063,8758,7241,1517,57,150,7034
pres22t2,16071,2781,2354,427,17,43,2294
pres22t2,16080,6573,5227,1346,34,120,5073
pres22t2,16098,11252,8862,2390,49,209,8604
pres22t2,16101,3590,2758,832,19,46,2693
pres22t2,16110,5130,4089,1041,48,76,3965
pres22t2,16128,3989,3228,761,17,73,3138
pres22t2,16136,11343,9171,2172,80,170,8921
pres22t2,16144,3131,2513,618,20,46,2447
pres22t2,16152,9841,7981,1860,86,180,7715
pres22t2,16160,3066,2534,532,19,55,2460
pres22t2,16179,5653,4642,1011,42,87,4513
pres22t2,16187,3854,2868,986,33,99,2736
pres22t2,16195,28905,25045,3860,293,648,24104
pres22t2,16209,4043,3453,590,44,76,3333
pres22t2,16217,21255,17167,4088,198,506,16463
pres22t2,16225,6609,5366,1243,43,95,5228
pres22t2,16233,10920,9377,1543,103,252,9022
pres22t2,16241,4508,3663,845,42,53,3568
pres22t2,16250,8512,6908,1604,62,191,6655
pres22t2,16268,9817,7913,1904,72,168,7673
pres22t2,16276,7115,5588,1527,54,102,5432
pres22t2,16284,4836,3892,944,31,95,3766
pres22t2,16292,4629,3683,946,23,73,3587
pres22t2,16306,4221,3305,916,35,78,3192
pres22t2,16314,4799,3937,862,29,57,3851
pres22t2,16330,8692,7094,1598,45,128,6921
pres22t2,16357,10055,8108,1947,78,209,7821
pres22t2,16373,3660,2992,668,30,62,2900
pres22t2,16390,44498,37811,6687,373,831,36607
pres22t2,16411,8236,6654,1582,62,176,6416
pres22t2,16438,23993,19211,4782,154,539,18518
pres22t2,16454,18973,15484,3489,190,342,14952
pres22t2,16470,5977,5174,803,87,222,4865
pres22t2,16497,8718,7191,1527,81,168,6942
pres22t2,16519,56369,46626,9743,403,1016,45207
pres22t2,16535,9149,7157,1992,75,199,6883
pres22t2,16551,4753,3587,1166,50,102,3435
pres22t2,16578,4009,3219,790,30,99,3090
pres22t2,16594,6774,5525,1249,69,134,5322
pres22t2,16616,31646,25648,5998,283,709,24656
pres22t2,16632,5881,4929,952,41,109,4779
pres22t2,16659,4718,3982,736,28,78,3876
pres22t2,16675,4627,3829,798,52,121,3656
pres22t2,16691,7534,6120,1414,62,128,5930
pres22t2,16713,27999,23761,4238,196,449,23116
pres22t2,16730,6667,5838,829,61,98,5679
pres22t2,16756,8058,6643,1415,57,142,6444
pres22t2,16772,2777,2308,469,13,47,2248
pres22t2,16799,2552,1897,655,13,34,1850
pres22t2,16810,21043,17502,3541,220,472,16810
pres22t2,16837,11882,9881,2001,122,279,9480
pres22t2,16853,8755,7497,1258,107,173,7217
pres22t2,16870,15240,11928,3312,136,267,11525
pres22t2,16896,10965,8922,2043,75,146,8701
pres22t2,16918,12576,10321,2255,64,159,10098
pres22t2,16934,1997,1695,302,19,19,1657
pres22t2,16950,4913,4004,909,37,88,3879
pres22t2,16977,6035,4902,1133,50,122,4730
pres22t2,16993,5619,4647,972,38,104,4505
pres22t2,17019,4338,3508,830,30,55,3423
pres22t2,17035,7494,6104,1390,65,166,5873
pres22t2,17051,5517,4432,1085,39,94,4299
pres22t2,17078,2837,2251,586,23,28,2200
pres22t2,17094,10485,8882,1603,63,153,8666
pres22t2,17116,9960,8552,1408,98,302,8152
pres22t2,17132,25405,20960,4445,212,454,20294
pres22t2,17159,3139,2125,1014,20,57,2048
pres22t2,17175,5196,4262,934,39,94,4129
pres22t2,17191,15048,12489,2559,102,288,12099
pres22t2,17213,4412,3679,733,26,62,3591
pres22t2,17230,5673,4593,1080,30,105,4458
pres22t2,17256,7351,5949,1402,57,135,5757
pres22t2,17272,3191,2556,635,27,67,2462
pres22t2,17299,12200,9773,2427,103,233,9437
pres22t2,17310,9319,7677,1642,80,220,7377
pres22t2,17337,8815,7020,1795,54,165,6801
pres22t2,17353,5071,4130,941,52,88,3990
pres22t2,17370,3359,2796,563,20,31,2745
pres22t2,17396,7421,5752,1669,42,132,5578
pres22t2,17418,52303,43641,8662,410,1027,42204
pres22t2,17434,22331,17406,4925,154,396,16856
pres22t2,17450,6690,5623,1067,40,124,5459
pres22t2,17477,6879,5734,1145,59,153,5522
pres22t2,17493,9266,7542,1724,60,150,7332
pres22t2,17515,4064,3244,820,34,47,3163
pres22t2,17531,9097,7398,1699,68,208,7122
pres22t2,17558,17083,14147,2936,146,327,13674
pres22t2,17574,2733,2193,540,17,55,2121
pres22t2,17590,183752,156221,27531,1683,4050,150488
pres22t2,17612,584819,482570,102249,4603,11780,466187
pres22t2,17639,21160,17291,3869,188,376,16727
pres22t2,17655,26495,21801,4694,277,654,20870
pres22t2,17671,4319,3524,795,49,83,3392
pres22t2,17698,4215,3605,610,32,75,3498
pres22t2,17710,4072,3158,914,24,48,3086
pres22t2,17736,4308,3414,894,42,90,3282
pres22t2,17752,5058,4116,942,44,68,4004
pres22t2,17779,16860,14393,2467,214,479,13700
pres22t2,17795,137497,116339,21158,1202,2612,112525
pres22t2,17817,9256,7705,1551,86,261,7358
pres22t2,17833,3484,2968,516,19,74,2875
pres22t2,17850,9370,7821,1549,70,172,7579
pres22t2,17876,20208,17097,3111,130,332,16635
pres22t2,17892,4024,3118,906,18,67,3033
pres22t2,17914,3215,2504,711,18,49,2437
pres22t2,17930,6605,4616,1989,40,108,4468
pres22t2,17957,11593,9419,2174,82,240,9097
pres22t2,17973,10691,8667,2024,63,177,8427
pres22t2,17990,3553,2721,832,18,46,2657
pres22t2,18015,11026,8999,2027,74,169,8756
pres22t2,18031,6347,5382,965,52,159,5171
pres22t2,18058,8340,6873,1467,57,138,6678
pres22t2,18074,7873,6282,1591,57,173,6052
pres22t2,18090,4791,4135,656,27,90,4018
pres22t2,18112,2761,2280,481,10,42,2228
pres22t2,18139,3734,3147,587,27,75,3045
pres22t2,18155,6212,5296,916,27,78,5191
pres22t2,18171,4143,3454,689,30,82,3342
pres22t2,18198,3957,3081,876,21,56,3004
pres22t2,18210,4001,3293,708,39,75,3179
pres22t2,18236,25972,21707,4265,214,536,20957
pres22t2,18252,2566,2218,348,42,80,2096
pres22t2,18279,11204,8879,2325,78,229,8572
pres22t2,18295,17822,15154,2668,130,384,14640
pres22t2,18317,3717,2948,769,19,64,2865
pres22t2,18333,4221,3336,885,26,97,3213
pres22t2,18350,3477,3016,461,19,65,2932
pres22t2,18376,72850,61629,11221,585,1270,59774
pres22t2,18392,5148,4429,719,44,99,4286
pres22t2,18414,32601,26708,5893,268,677,25763
pres22t2,18430,10202,8245,1957,76,215,7954
pres22t2,18457,4322,3775,547,40,85,3650
pres22t2,18473,17885,13982,3903,203,452,13327
pres22t2,18490,13767,11502,2265,106,248,11148
pres22t2,18511,6021,4918,1103,29,113,4776
pres22t2,18538,7243,5854,1389,58,157,5639
pres22t2,18554,9625,7420,2205,53,169,7198
pres22t2,18570,5110,4244,866,44,127,4073
pres22t2,18597,5473,4548,925,30,88,4430
pres22t2,18619,3811,3205,606,22,73,3110
pres22t2,18635,5545,4431,1114,51,117,4263
pres22t2,18651,6249,5121,1128,55,113,4953
pres22t2,18678,6628,5487,1141,39,98,5350
pres22t2,18694,6654,5527,1127,47,126,5354
pres22t2,18716,4922,3907,1015,42,94,3771
pres22t2,18732,2781,2312,469,15,47,2250
pres22t2,18759,10156,8399,1757,86,215,8098
pres22t2,18775,12156,9404,2752,112,258,9034
pres22t2,18791,7768,6215,1553,48,142,6025
pres22t2,18813,12504,10326,2178,111,215,10000
pres22t2,18830,2572,2153,419,23,40,2090
pres22t2,18856,26022,21050,4972,194,465,20391
pres22t2,18872,8585,7000,1585,60,184,6756
pres22t2,18899,11508,9697,1811,127,204,9366
pres22t2,18910,4755,3976,779,24,91,3861
pres22t2,18937,3748,2890,858,31,42,2817
pres22t2,18953,10434,8512,1922,128,234,8150
pres22t2,18970,1865,1464,401,23,41,1400
pres22t2,18996,3101,2484,617,20,59,2405
pres22t2,30031,20556,17296,3260,145,374,16777
pres26t1,16004,5580,4592,988,48,170,4374
pres26t1,16012,9368,7529,1839,117,291,7121
pres26t1,16020,13225,11383,1842,191,272,10920
pres26t1,16039,45551,36943,8608,578,1021,35344
pres26t1,16047,5551,4403,1148,61,126,4216
pres26t1,16055,10537,8455,2082,101,229,8125
pres26t1,16063,9651,8009,1642,95,275,7639
pres26t1,16071,3009,2531,478,26,104,2401
pres26t1,16080,7286,5974,1312,80,119,5775
pres26t1,16098,11804,9452,2352,77,281,9094
pres26t1,16101,3784,2941,843,43,93,2805
pres26t1,16110,5166,4339,827,66,104,4169
pres26t1,16128,4239,3603,636,43,107,3453
pres26t1,16136,12062,9578,2484,113,284,9181
pres26t1,16144,3409,2859,550,34,108,2717
pres26t1,16152,10219,8396,1823,95,244,8057
pres26t1,16160,3212,2595,617,24,85,2486
pres26t1,16179,5912,5027,885,59,217,4751
pres26t1,16187,3918,3007,911,34,100,2873
pres26t1,16195,30219,25821,4398,418,740,24663
pres26t1,16209,4196,3563,633,60,113,3390
pres26t1,16217,22037,17534,4503,323,669,16542
pres26t1,16225,9238,7020,2218,118,191,6711
pres26t1,16233,11506,9277,2229,196,366,8715
pres26t1,16241,5115,4180,935,54,125,4001
pres26t1,16250,8816,7228,1588,119,210,6899
pres26t1,16268,10982,9097,1885,139,209,8749
pres26t1,16276,7404,5906,1498,91,164,5651
pres26t1,16284,5103,4172,931,50,112,4010
pres26t1,16292,4679,3877,802,36,132,3709
pres26t1,16306,4775,3925,850,59,142,3724
pres26t1,16314,4926,4148,778,44,115,3989
pres26t1,16330,9083,7478,1605,93,223,7162
pres26t1,16357,10102,7966,2136,140,297,7529
pres26t1,16373,4196,3513,683,29,103,3381
pres26t1,16390,45036,37929,7107,605,1039,36285
pres26t1,16411,8619,7012,1607,109,211,6692
pres26t1,16438,24690,19967,4723,272,537,19158
pres26t1,16454,18980,15808,3172,305,426,15077
pres26t1,16470,6324,5287,1037,121,233,4933
pres26t1,16497,8684,7098,1586,99,238,6761
pres26t1,16519,60280,49504,10776,865,1519,47120
pres26t1,16535,9720,7528,2192,91,301,7136
pres26t1,16551,4902,4022,880,50,140,3832
pres26t1,16578,4073,3334,739,37,139,3158
pres26t1,16594,6955,5714,1241,119,197,5398
pres26t1,16616,32922,26529,6393,491,863,25175
pres26t1,16632,6326,5216,1110,47,124,5045
pres26t1,16659,5141,4192,949,32,131,4029
pres26t1,16675,4769,3979,790,60,156,3763
pres26t1,16691,7961,6380,1581,109,236,6035
pres26t1,16713,39504,32688,6816,477,878,31333
pres26t1,16730,7070,6018,1052,91,153,5774
pres26t1,16756,8397,6868,1529,63,217,6588
pres26t1,16772,2868,2441,427,15,76,2350
pres26t1,16799,2858,2326,532,28,45,2253
pres26t1,16810,22264,18347,3917,350,659,17338
pres26t1,16837,12132,10041,2091,199,392,9450
pres26t1,16853,9557,8214,1343,176,253,7785
pres26t1,16870,15625,12066,3559,161,346,11559
pres26t1,16896,11530,9754,1776,125,210,9419
pres26t1,16918,12911,10415,2496,113,222,10080
pres26t1,16934,2185,1833,352,12,31,1790
pres26t1,16950,5189,4284,905,47,136,4101
pres26t1,16977,6324,5247,1077,69,186,4992
pres26t1,16993,6396,5326,1070,57,165,5104
pres26t1,17019,4474,3726,748,49,83,3594
pres26t1,17035,8062,6566,1496,88,301,6177
pres26t1,17051,5746,4714,1032,43,143,4528
pres26t1,17078,3156,2695,461,28,66,2601
pres26t1,17094,11100,9520,1580,118,223,9179
pres26t1,17116,10316,8745,1571,209,391,8145
pres26t1,17132,27705,23010,4695,330,651,22029
pres26t1,17159,3082,2385,697,26,89,2270
pres26t1,17175,5251,4264,987,56,129,4079
pres26t1,17191,15421,12932,2489,155,392,12385
pres26t1,17213,4715,4006,709,50,123,3833
pres26t1,17230,6393,5114,1279,52,153,4909
pres26t1,17256,7693,6377,1316,99,244,6034
pres26t1,17272,3314,2756,558,33,87,2636
pres26t1,17299,12875,10120,2755,186,321,9613
pres26t1,17310,9613,7726,1887,156,363,7207
pres26t1,17337,9481,7586,1895,72,210,7304
pres26t1,17353,5230,4363,867,67,124,4172
pres26t1,17370,3467,3004,463,22,56,2926
pres26t1,17396,7360,5642,1718,70,224,5348
pres26t1,17418,54350,45104,9246,753,1592,42759
pres26t1,17434,22534,17691,4843,273,447,16971
pres26t1,17450,7032,5916,1116,64,191,5661
pres26t1,17477,7611,6200,1411,56,173,5971
pres26t1,17493,10437,8502,1935,131,223,8148
pres26t1,17515,4173,3514,659,42,56,3416
pres26t1,17531,9623,7708,1915,121,284,7303
pres26t1,17558,17267,14120,3147,236,485,13399
pres26t1,17574,3052,2577,475,28,85,2464
pres26t1,17590,188013,157998,30015,2930,4897,150171
pres26t1,17612,573148,455580,117568,6708,12481,436391
pres26t1,17639,23401,19541,3860,316,596,18629
pres26t1,17655,27948,22467,5481,410,784,21273
pres26t1,17671,4689,3796,893,63,122,3611
pres26t1,17698,4580,3758,822,64,126,3568
pres26t1,17710,4235,3359,876,28,89,3242
pres26t1,17736,4339,3629,710,53,136,3440
pres26t1,17752,5532,4536,996,46,137,4353
pres26t1,17779,17461,14687,2774,365,677,13645
pres26t1,17795,147649,121719,25930,1905,3269,116545
pres26t1,17817,10054,8239,1815,144,312,7783
pres26t1,17833,4547,3823,724,56,127,3640
pres26t1,17850,9946,8310,1636,97,251,7962
pres26t1,17876,21145,17558,3587,237,465,16856
pres26t1,17892,4340,3388,952,30,82,3276
pres26t1,17914,3295,2725,570,19,72,2634
pres26t1,17930,6554,4964,1590,58,171,4735
pres26t1,17957,11914,9725,2189,137,339,9249
pres26t1,17973,10931,8578,2353,109,225,8244
pres26t1,17990,3577,2889,688,26,51,2812
pres26t1,18015,11674,9584,2090,146,304,9134
pres26t1,18031,6896,5581,1315,101,190,5290
pres26t1,18058,9065,7327,1738,96,232,6999
pres26t1,18074,8502,7046,1456,116,254,6676
pres26t1,18090,4933,4098,835,60,128,3910
pres26t1,18112,2759,2364,395,24,62,2278
pres26t1,18139,3843,3165,678,26,119,3020
pres26t1,18155,6909,5765,1144,45,154,5566
pres26t1,18171,4641,3868,773,32,105,3731
pres26t1,18198,4188,3372,816,32,88,3252
pres26t1,18210,4098,3288,810,53,89,3146
pres26t1,18236,27658,22761,4897,359,679,21723
pres26t1,18252,2635,2264,371,58,95,2111
pres26t1,18279,11151,9003,2148,141,287,8575
pres26t1,18295,19114,15376,3738,213,582,14581
pres26t1,18317,4259,3343,916,37,82,3224
pres26t1,18333,4458,3528,930,42,147,3339
pres26t1,18350,3720,3203,517,26,119,3058
pres26t1,18376,77509,64963,12546,978,1980,62005
pres26t1,18392,5309,4473,836,55,99,4319
pres26t1,18414,35789,28897,6892,505,1032,27360
pres26t1,18430,10539,8582,1957,157,289,8136
pres26t1,18457,4515,3880,635,74,126,3680
pres26t1,18473,19466,15239,4227,331,655,14253
pres26t1,18490,14677,11967,2710,209,357,11401
pres26t1,18511,6475,5343,1132,78,159,5106
pres26t1,18538,7520,6146,1374,86,224,5836
pres26t1,18554,9587,7448,2139,72,206,7170
pres26t1,18570,5396,4514,882,57,173,4284
pres26t1,18597,5748,4750,998,58,166,4526
pres26t1,18619,3761,3048,713,62,116,2870
pres26t1,18635,6185,5046,1139,55,184,4807
pres26t1,18651,6262,5138,1124,86,180,4872
pres26t1,18678,7068,5784,1284,92,251,5441
pres26t1,18694,6813,5668,1145,75,158,5435
pres26t1,18716,5162,4232,930,60,138,4034
pres26t1,18732,2762,2252,510,33,48,2171
pres26t1,18759,10547,8837,1710,168,275,8394
pres26t1,18775,12583,9689,2894,183,364,9142
pres26t1,18791,8205,6853,1352,48,157,6648
pres26t1,18813,13651,11057,2594,186,307,10564
pres26t1,18830,2748,2366,382,27,62,2277
pres26t1,18856,28142,23389,4753,313,770,22306
pres26t1,18872,8842,7355,1487,92,270,6993
pres26t1,18899,12260,10132,2128,153,340,9639
pres26t1,18910,5584,4731,853,55,145,4531
pres26t1,18937,3667,3017,650,28,52,2937
pres26t1,18953,11417,9318,2099,182,316,8820
pres26t1,18970,1958,1564,394,18,58,1488
pres26t1,18996,3254,2708,546,55,103,2550
pres26t1,30031,22038,18151,3887,271,486,17394
